Algorithm,InputSize,RunNumber,ExecutionTime
InsertionSort, 100, 1, 26600
InsertionSort, 100, 2, 29000
InsertionSort, 100, 3, 31300
InsertionSort, 100, 4, 31800
InsertionSort, 100, 5, 29800
InsertionSort, 100, 6, 33800
InsertionSort, 100, 7, 27500
InsertionSort, 100, 8, 34400
InsertionSort, 100, 9, 35500
InsertionSort, 100, 10, 30000
InsertionSort, 100, 11, 35800
InsertionSort, 100, 12, 30600
InsertionSort, 100, 13, 30600
InsertionSort, 100, 14, 27400
InsertionSort, 100, 15, 30000
InsertionSort, 100, 16, 41600
InsertionSort, 100, 17, 24700
InsertionSort, 100, 18, 30400
InsertionSort, 100, 19, 23600
InsertionSort, 100, 20, 26400
InsertionSort, 100, 21, 29200
InsertionSort, 100, 22, 27500
InsertionSort, 100, 23, 30000
InsertionSort, 100, 24, 32400
InsertionSort, 100, 25, 33700
InsertionSort, 100, 26, 26200
InsertionSort, 100, 27, 26900
InsertionSort, 100, 28, 12300
InsertionSort, 100, 29, 7400
InsertionSort, 100, 30, 5700
InsertionSort, 100, 31, 5300
InsertionSort, 100, 32, 5700
InsertionSort, 100, 33, 4700
InsertionSort, 100, 34, 4900
InsertionSort, 100, 35, 5000
InsertionSort, 100, 36, 5100
InsertionSort, 100, 37, 4700
InsertionSort, 100, 38, 5200
InsertionSort, 100, 39, 4800
InsertionSort, 100, 40, 4700
InsertionSort, 100, 41, 4700
InsertionSort, 100, 42, 5100
InsertionSort, 100, 43, 4300
InsertionSort, 100, 44, 8000
InsertionSort, 100, 45, 4700
InsertionSort, 100, 46, 5200
InsertionSort, 100, 47, 5200
InsertionSort, 100, 48, 5400
InsertionSort, 100, 49, 4600
InsertionSort, 100, 50, 4900
InsertionSort, 100, 51, 5000
InsertionSort, 100, 52, 4700
InsertionSort, 100, 53, 5000
InsertionSort, 100, 54, 4900
InsertionSort, 100, 55, 5300
InsertionSort, 100, 56, 4600
InsertionSort, 100, 57, 4700
InsertionSort, 100, 58, 4800
InsertionSort, 100, 59, 4800
InsertionSort, 100, 60, 4900
InsertionSort, 100, 61, 4600
InsertionSort, 100, 62, 4700
InsertionSort, 100, 63, 4700
InsertionSort, 100, 64, 4700
InsertionSort, 100, 65, 4800
InsertionSort, 100, 66, 4600
InsertionSort, 100, 67, 4400
InsertionSort, 100, 68, 4400
InsertionSort, 100, 69, 4700
InsertionSort, 100, 70, 4800
InsertionSort, 100, 71, 4500
InsertionSort, 100, 72, 4800
InsertionSort, 100, 73, 4700
InsertionSort, 100, 74, 5200
InsertionSort, 100, 75, 4500
InsertionSort, 100, 76, 4900
InsertionSort, 100, 77, 4900
InsertionSort, 100, 78, 4700
InsertionSort, 100, 79, 4600
InsertionSort, 100, 80, 5200
InsertionSort, 100, 81, 4700
InsertionSort, 100, 82, 4800
InsertionSort, 100, 83, 5000
InsertionSort, 100, 84, 4800
InsertionSort, 100, 85, 4900
InsertionSort, 100, 86, 4800
InsertionSort, 100, 87, 5100
InsertionSort, 100, 88, 4900
InsertionSort, 100, 89, 4800
InsertionSort, 100, 90, 5000
InsertionSort, 100, 91, 5200
InsertionSort, 100, 92, 4900
InsertionSort, 100, 93, 4800
InsertionSort, 100, 94, 4700
InsertionSort, 100, 95, 4900
InsertionSort, 100, 96, 5000
InsertionSort, 100, 97, 4900
InsertionSort, 100, 98, 4900
InsertionSort, 100, 99, 4800
InsertionSort, 100, 100, 4600
InsertionSort, 100, 101, 4400
InsertionSort, 100, 102, 4900
InsertionSort, 100, 103, 4800
InsertionSort, 100, 104, 4900
InsertionSort, 100, 105, 5200
InsertionSort, 100, 106, 5000
InsertionSort, 100, 107, 4900
InsertionSort, 100, 108, 4800
InsertionSort, 100, 109, 5600
InsertionSort, 100, 110, 4600
InsertionSort, 100, 111, 5000
InsertionSort, 100, 112, 5300
InsertionSort, 100, 113, 4800
InsertionSort, 100, 114, 4700
InsertionSort, 100, 115, 4800
InsertionSort, 100, 116, 5000
InsertionSort, 100, 117, 4700
InsertionSort, 100, 118, 4500
InsertionSort, 100, 119, 4900
InsertionSort, 100, 120, 4200
InsertionSort, 100, 121, 4700
InsertionSort, 100, 122, 3900
InsertionSort, 100, 123, 4700
InsertionSort, 100, 124, 4700
InsertionSort, 100, 125, 4600
InsertionSort, 100, 126, 4600
InsertionSort, 100, 127, 5100
InsertionSort, 100, 128, 4700
InsertionSort, 100, 129, 4000
InsertionSort, 100, 130, 4400
InsertionSort, 100, 131, 5100
InsertionSort, 100, 132, 4500
InsertionSort, 100, 133, 4400
InsertionSort, 100, 134, 4800
InsertionSort, 100, 135, 4900
InsertionSort, 100, 136, 4400
InsertionSort, 100, 137, 4500
InsertionSort, 100, 138, 4500
InsertionSort, 100, 139, 4800
InsertionSort, 100, 140, 4200
InsertionSort, 100, 141, 4600
InsertionSort, 100, 142, 4700
InsertionSort, 100, 143, 4500
InsertionSort, 100, 144, 4500
InsertionSort, 100, 145, 4700
InsertionSort, 100, 146, 5000
InsertionSort, 100, 147, 5300
InsertionSort, 100, 148, 5000
InsertionSort, 100, 149, 4400
InsertionSort, 100, 150, 9500
InsertionSort, 100, 151, 5000
InsertionSort, 100, 152, 4800
InsertionSort, 100, 153, 4200
InsertionSort, 100, 154, 4800
InsertionSort, 100, 155, 4100
InsertionSort, 100, 156, 4500
InsertionSort, 100, 157, 4800
InsertionSort, 100, 158, 4700
InsertionSort, 100, 159, 4500
InsertionSort, 100, 160, 4900
InsertionSort, 100, 161, 4700
InsertionSort, 100, 162, 4700
InsertionSort, 100, 163, 4800
InsertionSort, 100, 164, 4500
InsertionSort, 100, 165, 4400
InsertionSort, 100, 166, 4600
InsertionSort, 100, 167, 4400
InsertionSort, 100, 168, 4900
InsertionSort, 100, 169, 4300
InsertionSort, 100, 170, 4900
InsertionSort, 100, 171, 4700
InsertionSort, 100, 172, 4700
InsertionSort, 100, 173, 4800
InsertionSort, 100, 174, 4600
InsertionSort, 100, 175, 4900
InsertionSort, 100, 176, 4700
InsertionSort, 100, 177, 4600
InsertionSort, 100, 178, 4700
InsertionSort, 100, 179, 5100
InsertionSort, 100, 180, 5000
InsertionSort, 100, 181, 4800
InsertionSort, 100, 182, 8100
InsertionSort, 100, 183, 4200
InsertionSort, 100, 184, 4300
InsertionSort, 100, 185, 4500
InsertionSort, 100, 186, 4700
InsertionSort, 100, 187, 4800
InsertionSort, 100, 188, 4200
InsertionSort, 100, 189, 24700
InsertionSort, 100, 190, 4800
InsertionSort, 100, 191, 4900
InsertionSort, 100, 192, 16100
InsertionSort, 100, 193, 4400
InsertionSort, 100, 194, 4900
InsertionSort, 100, 195, 9400
InsertionSort, 100, 196, 4600
InsertionSort, 100, 197, 4700
InsertionSort, 100, 198, 4700
InsertionSort, 100, 199, 22100
InsertionSort, 100, 200, 4200
InsertionSort, 100, 201, 4100
InsertionSort, 100, 202, 4300
InsertionSort, 100, 203, 4700
InsertionSort, 100, 204, 4900
InsertionSort, 100, 205, 4900
InsertionSort, 100, 206, 21100
InsertionSort, 100, 207, 4700
InsertionSort, 100, 208, 4300
InsertionSort, 100, 209, 14500
InsertionSort, 100, 210, 4900
InsertionSort, 100, 211, 4400
InsertionSort, 100, 212, 4400
InsertionSort, 100, 213, 20900
InsertionSort, 100, 214, 4900
InsertionSort, 100, 215, 4300
InsertionSort, 100, 216, 13600
InsertionSort, 100, 217, 4400
InsertionSort, 100, 218, 4500
InsertionSort, 100, 219, 4500
InsertionSort, 100, 220, 20700
InsertionSort, 100, 221, 4800
InsertionSort, 100, 222, 4100
InsertionSort, 100, 223, 9800
InsertionSort, 100, 224, 4300
InsertionSort, 100, 225, 4300
InsertionSort, 100, 226, 4300
InsertionSort, 100, 227, 21400
InsertionSort, 100, 228, 4700
InsertionSort, 100, 229, 4700
InsertionSort, 100, 230, 18100
InsertionSort, 100, 231, 4700
InsertionSort, 100, 232, 4600
InsertionSort, 100, 233, 19000
InsertionSort, 100, 234, 4600
InsertionSort, 100, 235, 4300
InsertionSort, 100, 236, 10000
InsertionSort, 100, 237, 4600
InsertionSort, 100, 238, 4800
InsertionSort, 100, 239, 4700
InsertionSort, 100, 240, 20600
InsertionSort, 100, 241, 4600
InsertionSort, 100, 242, 4400
InsertionSort, 100, 243, 11000
InsertionSort, 100, 244, 4700
InsertionSort, 100, 245, 4400
InsertionSort, 100, 246, 4500
InsertionSort, 100, 247, 23700
InsertionSort, 100, 248, 4700
InsertionSort, 100, 249, 4300
InsertionSort, 100, 250, 13100
InsertionSort, 100, 251, 4400
InsertionSort, 100, 252, 4100
InsertionSort, 100, 253, 4500
InsertionSort, 100, 254, 21000
InsertionSort, 100, 255, 4900
InsertionSort, 100, 256, 4800
InsertionSort, 100, 257, 17600
InsertionSort, 100, 258, 4700
InsertionSort, 100, 259, 4100
InsertionSort, 100, 260, 4400
InsertionSort, 100, 261, 20700
InsertionSort, 100, 262, 5000
InsertionSort, 100, 263, 4400
InsertionSort, 100, 264, 15600
InsertionSort, 100, 265, 8000
InsertionSort, 100, 266, 4600
InsertionSort, 100, 267, 13600
InsertionSort, 100, 268, 5000
InsertionSort, 100, 269, 4300
InsertionSort, 100, 270, 9800
InsertionSort, 100, 271, 4700
InsertionSort, 100, 272, 4100
InsertionSort, 100, 273, 4700
InsertionSort, 100, 274, 20900
InsertionSort, 100, 275, 4700
InsertionSort, 100, 276, 4200
InsertionSort, 100, 277, 14700
InsertionSort, 100, 278, 5000
InsertionSort, 100, 279, 4700
InsertionSort, 100, 280, 14200
InsertionSort, 100, 281, 4700
InsertionSort, 100, 282, 4400
InsertionSort, 100, 283, 4400
InsertionSort, 100, 284, 20600
InsertionSort, 100, 285, 4600
InsertionSort, 100, 286, 4300
InsertionSort, 100, 287, 13800
InsertionSort, 100, 288, 4500
InsertionSort, 100, 289, 4400
InsertionSort, 100, 290, 4800
InsertionSort, 100, 291, 21000
InsertionSort, 100, 292, 4600
InsertionSort, 100, 293, 4500
InsertionSort, 100, 294, 15200
InsertionSort, 100, 295, 4700
InsertionSort, 100, 296, 4900
InsertionSort, 100, 297, 15400
InsertionSort, 100, 298, 4200
InsertionSort, 100, 299, 4700
InsertionSort, 100, 300, 11800
InsertionSort, 100, 301, 4900
InsertionSort, 100, 302, 4800
InsertionSort, 100, 303, 13800
InsertionSort, 100, 304, 4700
InsertionSort, 100, 305, 4400
InsertionSort, 100, 306, 4400
InsertionSort, 100, 307, 20600
InsertionSort, 100, 308, 4600
InsertionSort, 100, 309, 4600
InsertionSort, 100, 310, 12700
InsertionSort, 100, 311, 4800
InsertionSort, 100, 312, 4600
InsertionSort, 100, 313, 12200
InsertionSort, 100, 314, 4400
InsertionSort, 100, 315, 4700
InsertionSort, 100, 316, 4600
InsertionSort, 100, 317, 20900
InsertionSort, 100, 318, 4600
InsertionSort, 100, 319, 4600
InsertionSort, 100, 320, 17000
InsertionSort, 100, 321, 5300
InsertionSort, 100, 322, 4500
InsertionSort, 100, 323, 19400
InsertionSort, 100, 324, 4500
InsertionSort, 100, 325, 4900
InsertionSort, 100, 326, 14800
InsertionSort, 100, 327, 4600
InsertionSort, 100, 328, 4400
InsertionSort, 100, 329, 4700
InsertionSort, 100, 330, 20400
InsertionSort, 100, 331, 4500
InsertionSort, 100, 332, 4400
InsertionSort, 100, 333, 10300
InsertionSort, 100, 334, 4600
InsertionSort, 100, 335, 4700
InsertionSort, 100, 336, 4700
InsertionSort, 100, 337, 20400
InsertionSort, 100, 338, 5000
InsertionSort, 100, 339, 4600
InsertionSort, 100, 340, 17100
InsertionSort, 100, 341, 4500
InsertionSort, 100, 342, 4900
InsertionSort, 100, 343, 17000
InsertionSort, 100, 344, 23200
InsertionSort, 100, 345, 17300
InsertionSort, 100, 346, 15700
InsertionSort, 100, 347, 15700
InsertionSort, 100, 348, 15600
InsertionSort, 100, 349, 15700
InsertionSort, 100, 350, 15600
InsertionSort, 100, 351, 15600
InsertionSort, 100, 352, 15600
InsertionSort, 100, 353, 15800
InsertionSort, 100, 354, 15600
InsertionSort, 100, 355, 15500
InsertionSort, 100, 356, 15600
InsertionSort, 100, 357, 15700
InsertionSort, 100, 358, 15700
InsertionSort, 100, 359, 15700
InsertionSort, 100, 360, 15500
InsertionSort, 100, 361, 15600
InsertionSort, 100, 362, 15600
InsertionSort, 100, 363, 15600
InsertionSort, 100, 364, 15700
InsertionSort, 100, 365, 15600
InsertionSort, 100, 366, 15700
InsertionSort, 100, 367, 15500
InsertionSort, 100, 368, 15700
InsertionSort, 100, 369, 15700
InsertionSort, 100, 370, 16100
InsertionSort, 100, 371, 15700
InsertionSort, 100, 372, 15600
InsertionSort, 100, 373, 15600
InsertionSort, 100, 374, 15600
InsertionSort, 100, 375, 15500
InsertionSort, 100, 376, 15600
InsertionSort, 100, 377, 15600
InsertionSort, 100, 378, 15600
InsertionSort, 100, 379, 28000
InsertionSort, 100, 380, 15500
InsertionSort, 100, 381, 15500
InsertionSort, 100, 382, 15600
InsertionSort, 100, 383, 15600
InsertionSort, 100, 384, 15500
InsertionSort, 100, 385, 15600
InsertionSort, 100, 386, 15700
InsertionSort, 100, 387, 15600
InsertionSort, 100, 388, 15600
InsertionSort, 100, 389, 15600
InsertionSort, 100, 390, 15500
InsertionSort, 100, 391, 15500
InsertionSort, 100, 392, 15500
InsertionSort, 100, 393, 15500
InsertionSort, 100, 394, 15500
InsertionSort, 100, 395, 15500
InsertionSort, 100, 396, 15700
InsertionSort, 100, 397, 15600
InsertionSort, 100, 398, 15500
InsertionSort, 100, 399, 15500
InsertionSort, 100, 400, 15600
InsertionSort, 100, 401, 17000
InsertionSort, 100, 402, 15500
InsertionSort, 100, 403, 15400
InsertionSort, 100, 404, 15500
InsertionSort, 100, 405, 15600
InsertionSort, 100, 406, 15600
InsertionSort, 100, 407, 15500
InsertionSort, 100, 408, 15500
InsertionSort, 100, 409, 15600
InsertionSort, 100, 410, 15700
InsertionSort, 100, 411, 15600
InsertionSort, 100, 412, 15700
InsertionSort, 100, 413, 15500
InsertionSort, 100, 414, 15900
InsertionSort, 100, 415, 15600
InsertionSort, 100, 416, 17600
InsertionSort, 100, 417, 15600
InsertionSort, 100, 418, 15600
InsertionSort, 100, 419, 15700
InsertionSort, 100, 420, 15700
InsertionSort, 100, 421, 15500
InsertionSort, 100, 422, 15500
InsertionSort, 100, 423, 28100
InsertionSort, 100, 424, 15600
InsertionSort, 100, 425, 15500
InsertionSort, 100, 426, 15700
InsertionSort, 100, 427, 15600
InsertionSort, 100, 428, 15500
InsertionSort, 100, 429, 15600
InsertionSort, 100, 430, 15600
InsertionSort, 100, 431, 15600
InsertionSort, 100, 432, 15500
InsertionSort, 100, 433, 15600
InsertionSort, 100, 434, 15700
InsertionSort, 100, 435, 15700
InsertionSort, 100, 436, 15600
InsertionSort, 100, 437, 15600
InsertionSort, 100, 438, 15500
InsertionSort, 100, 439, 15500
InsertionSort, 100, 440, 15500
InsertionSort, 100, 441, 15600
InsertionSort, 100, 442, 15700
InsertionSort, 100, 443, 15500
InsertionSort, 100, 444, 15600
InsertionSort, 100, 445, 15600
InsertionSort, 100, 446, 15400
InsertionSort, 100, 447, 15400
InsertionSort, 100, 448, 15600
InsertionSort, 100, 449, 15400
InsertionSort, 100, 450, 15500
InsertionSort, 100, 451, 15600
InsertionSort, 100, 452, 27900
InsertionSort, 100, 453, 15700
InsertionSort, 100, 454, 15600
InsertionSort, 100, 455, 15500
InsertionSort, 100, 456, 15600
InsertionSort, 100, 457, 15600
InsertionSort, 100, 458, 15700
InsertionSort, 100, 459, 15500
InsertionSort, 100, 460, 15600
InsertionSort, 100, 461, 15600
InsertionSort, 100, 462, 15600
InsertionSort, 100, 463, 15500
InsertionSort, 100, 464, 15600
InsertionSort, 100, 465, 15600
InsertionSort, 100, 466, 15500
InsertionSort, 100, 467, 15600
InsertionSort, 100, 468, 15500
InsertionSort, 100, 469, 15700
InsertionSort, 100, 470, 17000
InsertionSort, 100, 471, 15500
InsertionSort, 100, 472, 15600
InsertionSort, 100, 473, 15600
InsertionSort, 100, 474, 15400
InsertionSort, 100, 475, 15600
InsertionSort, 100, 476, 15600
InsertionSort, 100, 477, 15700
InsertionSort, 100, 478, 15700
InsertionSort, 100, 479, 15600
InsertionSort, 100, 480, 15600
InsertionSort, 100, 481, 15600
InsertionSort, 100, 482, 15500
InsertionSort, 100, 483, 15500
InsertionSort, 100, 484, 28000
InsertionSort, 100, 485, 15400
InsertionSort, 100, 486, 28000
InsertionSort, 100, 487, 15500
InsertionSort, 100, 488, 15500
InsertionSort, 100, 489, 15500
InsertionSort, 100, 490, 15500
InsertionSort, 100, 491, 15500
InsertionSort, 100, 492, 15500
InsertionSort, 100, 493, 15600
InsertionSort, 100, 494, 15500
InsertionSort, 100, 495, 15600
InsertionSort, 100, 496, 15500
InsertionSort, 100, 497, 15700
InsertionSort, 100, 498, 15600
InsertionSort, 100, 499, 15500
InsertionSort, 100, 500, 15600
InsertionSort, 100, 501, 15600
InsertionSort, 100, 502, 15600
InsertionSort, 100, 503, 15500
InsertionSort, 100, 504, 15500
InsertionSort, 100, 505, 15600
InsertionSort, 100, 506, 15400
InsertionSort, 100, 507, 15700
InsertionSort, 100, 508, 15700
InsertionSort, 100, 509, 15600
InsertionSort, 100, 510, 15600
InsertionSort, 100, 511, 15700
InsertionSort, 100, 512, 15500
InsertionSort, 100, 513, 15700
InsertionSort, 100, 514, 15600
InsertionSort, 100, 515, 15600
InsertionSort, 100, 516, 15500
InsertionSort, 100, 517, 15600
InsertionSort, 100, 518, 15600
InsertionSort, 100, 519, 15600
InsertionSort, 100, 520, 15500
InsertionSort, 100, 521, 15600
InsertionSort, 100, 522, 15600
InsertionSort, 100, 523, 15600
InsertionSort, 100, 524, 15900
InsertionSort, 100, 525, 3600
InsertionSort, 100, 526, 1300
InsertionSort, 100, 527, 1400
InsertionSort, 100, 528, 1200
InsertionSort, 100, 529, 1300
InsertionSort, 100, 530, 1200
InsertionSort, 100, 531, 1200
InsertionSort, 100, 532, 1200
InsertionSort, 100, 533, 1200
InsertionSort, 100, 534, 1200
InsertionSort, 100, 535, 1200
InsertionSort, 100, 536, 1200
InsertionSort, 100, 537, 1200
InsertionSort, 100, 538, 1200
InsertionSort, 100, 539, 1200
InsertionSort, 100, 540, 1100
InsertionSort, 100, 541, 1200
InsertionSort, 100, 542, 1100
InsertionSort, 100, 543, 1200
InsertionSort, 100, 544, 1100
InsertionSort, 100, 545, 1300
InsertionSort, 100, 546, 1100
InsertionSort, 100, 547, 1100
InsertionSort, 100, 548, 1300
InsertionSort, 100, 549, 1100
InsertionSort, 100, 550, 1100
InsertionSort, 100, 551, 1200
InsertionSort, 100, 552, 1200
InsertionSort, 100, 553, 1000
InsertionSort, 100, 554, 1100
InsertionSort, 100, 555, 1200
InsertionSort, 100, 556, 1200
InsertionSort, 100, 557, 1100
InsertionSort, 100, 558, 1100
InsertionSort, 100, 559, 1200
InsertionSort, 100, 560, 1100
InsertionSort, 100, 561, 1100
InsertionSort, 100, 562, 1000
InsertionSort, 100, 563, 1200
InsertionSort, 100, 564, 1200
InsertionSort, 100, 565, 1100
InsertionSort, 100, 566, 1100
InsertionSort, 100, 567, 1200
InsertionSort, 100, 568, 1200
InsertionSort, 100, 569, 1200
InsertionSort, 100, 570, 1000
InsertionSort, 100, 571, 1200
InsertionSort, 100, 572, 1100
InsertionSort, 100, 573, 1200
InsertionSort, 100, 574, 1200
InsertionSort, 100, 575, 1200
InsertionSort, 100, 576, 1100
InsertionSort, 100, 577, 1100
InsertionSort, 100, 578, 1100
InsertionSort, 100, 579, 1200
InsertionSort, 100, 580, 1200
InsertionSort, 100, 581, 1100
InsertionSort, 100, 582, 1100
InsertionSort, 100, 583, 1100
InsertionSort, 100, 584, 1100
InsertionSort, 100, 585, 1200
InsertionSort, 100, 586, 1100
InsertionSort, 100, 587, 1100
InsertionSort, 100, 588, 1100
InsertionSort, 100, 589, 1100
InsertionSort, 100, 590, 1200
InsertionSort, 100, 591, 1100
InsertionSort, 100, 592, 1100
InsertionSort, 100, 593, 1100
InsertionSort, 100, 594, 1100
InsertionSort, 100, 595, 1100
InsertionSort, 100, 596, 1100
InsertionSort, 100, 597, 1100
InsertionSort, 100, 598, 1200
InsertionSort, 100, 599, 1100
InsertionSort, 100, 600, 1100
InsertionSort, 100, 601, 1200
InsertionSort, 100, 602, 1100
InsertionSort, 100, 603, 1100
InsertionSort, 100, 604, 1200
InsertionSort, 100, 605, 1100
InsertionSort, 100, 606, 1100
InsertionSort, 100, 607, 1100
InsertionSort, 100, 608, 1100
InsertionSort, 100, 609, 1200
InsertionSort, 100, 610, 1100
InsertionSort, 100, 611, 1200
InsertionSort, 100, 612, 1100
InsertionSort, 100, 613, 1100
InsertionSort, 100, 614, 1100
InsertionSort, 100, 615, 1100
InsertionSort, 100, 616, 1100
InsertionSort, 100, 617, 1100
InsertionSort, 100, 618, 1200
InsertionSort, 100, 619, 1100
InsertionSort, 100, 620, 1200
InsertionSort, 100, 621, 1100
InsertionSort, 100, 622, 1100
InsertionSort, 100, 623, 1100
InsertionSort, 100, 624, 1100
InsertionSort, 100, 625, 1100
InsertionSort, 100, 626, 1100
InsertionSort, 100, 627, 1100
InsertionSort, 100, 628, 1100
InsertionSort, 100, 629, 1000
InsertionSort, 100, 630, 1200
InsertionSort, 100, 631, 1200
InsertionSort, 100, 632, 1200
InsertionSort, 100, 633, 1100
InsertionSort, 100, 634, 1200
InsertionSort, 100, 635, 1100
InsertionSort, 100, 636, 1100
InsertionSort, 100, 637, 1100
InsertionSort, 100, 638, 1100
InsertionSort, 100, 639, 1100
InsertionSort, 100, 640, 1100
InsertionSort, 100, 641, 1100
InsertionSort, 100, 642, 1200
InsertionSort, 100, 643, 1100
InsertionSort, 100, 644, 1200
InsertionSort, 100, 645, 1100
InsertionSort, 100, 646, 1100
InsertionSort, 100, 647, 1100
InsertionSort, 100, 648, 1100
InsertionSort, 100, 649, 1100
InsertionSort, 100, 650, 1100
InsertionSort, 100, 651, 1100
InsertionSort, 100, 652, 1100
InsertionSort, 100, 653, 1200
InsertionSort, 100, 654, 1100
InsertionSort, 100, 655, 1200
InsertionSort, 100, 656, 1200
InsertionSort, 100, 657, 1100
InsertionSort, 100, 658, 1100
InsertionSort, 100, 659, 1100
InsertionSort, 100, 660, 1100
InsertionSort, 100, 661, 1100
InsertionSort, 100, 662, 1100
InsertionSort, 100, 663, 1100
InsertionSort, 100, 664, 1100
InsertionSort, 100, 665, 1100
InsertionSort, 100, 666, 1100
InsertionSort, 100, 667, 1000
InsertionSort, 100, 668, 1000
InsertionSort, 100, 669, 1100
InsertionSort, 100, 670, 1100
InsertionSort, 100, 671, 1200
InsertionSort, 100, 672, 1100
InsertionSort, 100, 673, 1000
InsertionSort, 100, 674, 1100
InsertionSort, 100, 675, 1100
InsertionSort, 100, 676, 1100
InsertionSort, 100, 677, 1100
InsertionSort, 100, 678, 1100
InsertionSort, 100, 679, 1100
InsertionSort, 100, 680, 1100
InsertionSort, 100, 681, 1100
InsertionSort, 100, 682, 1200
InsertionSort, 100, 683, 1100
InsertionSort, 100, 684, 1100
InsertionSort, 100, 685, 1200
InsertionSort, 100, 686, 1200
InsertionSort, 100, 687, 1100
InsertionSort, 100, 688, 1100
InsertionSort, 100, 689, 1100
InsertionSort, 100, 690, 1100
InsertionSort, 100, 691, 1100
InsertionSort, 100, 692, 1100
InsertionSort, 100, 693, 1200
InsertionSort, 100, 694, 1100
InsertionSort, 100, 695, 1100
InsertionSort, 100, 696, 1100
InsertionSort, 100, 697, 1100
InsertionSort, 100, 698, 1100
InsertionSort, 100, 699, 1100
InsertionSort, 100, 700, 1100
InsertionSort, 100, 701, 1100
InsertionSort, 100, 702, 1100
InsertionSort, 100, 703, 1200
InsertionSort, 100, 704, 1200
InsertionSort, 100, 705, 1200
InsertionSort, 100, 706, 1100
InsertionSort, 100, 707, 1100
InsertionSort, 100, 708, 1100
InsertionSort, 100, 709, 1100
InsertionSort, 100, 710, 1200
InsertionSort, 100, 711, 1200
InsertionSort, 100, 712, 1200
InsertionSort, 100, 713, 1100
InsertionSort, 100, 714, 1100
InsertionSort, 100, 715, 1200
InsertionSort, 100, 716, 1100
InsertionSort, 100, 717, 1200
InsertionSort, 100, 718, 1100
InsertionSort, 100, 719, 1200
InsertionSort, 100, 720, 1100
InsertionSort, 100, 721, 1100
InsertionSort, 100, 722, 1100
InsertionSort, 100, 723, 1000
InsertionSort, 100, 724, 1100
InsertionSort, 100, 725, 1100
InsertionSort, 100, 726, 1100
InsertionSort, 100, 727, 1100
InsertionSort, 100, 728, 1200
InsertionSort, 100, 729, 1200
InsertionSort, 100, 730, 1100
InsertionSort, 100, 731, 1100
InsertionSort, 100, 732, 1100
InsertionSort, 100, 733, 1100
InsertionSort, 100, 734, 1100
InsertionSort, 100, 735, 1100
InsertionSort, 100, 736, 1200
InsertionSort, 100, 737, 1100
InsertionSort, 100, 738, 1100
InsertionSort, 100, 739, 1100
InsertionSort, 100, 740, 1100
InsertionSort, 100, 741, 1200
InsertionSort, 100, 742, 1200
InsertionSort, 100, 743, 1100
InsertionSort, 100, 744, 1100
InsertionSort, 100, 745, 1200
InsertionSort, 100, 746, 1200
InsertionSort, 100, 747, 1100
InsertionSort, 100, 748, 1100
InsertionSort, 100, 749, 1100
InsertionSort, 100, 750, 1000
InsertionSort, 100, 751, 1000
InsertionSort, 100, 752, 1100
InsertionSort, 100, 753, 1100
InsertionSort, 100, 754, 1000
InsertionSort, 100, 755, 1200
InsertionSort, 100, 756, 1200
InsertionSort, 100, 757, 1200
InsertionSort, 100, 758, 1200
InsertionSort, 100, 759, 1100
InsertionSort, 100, 760, 1100
InsertionSort, 100, 761, 1200
InsertionSort, 100, 762, 1200
InsertionSort, 100, 763, 1100
InsertionSort, 100, 764, 1100
InsertionSort, 100, 765, 1200
InsertionSort, 100, 766, 1200
InsertionSort, 100, 767, 1100
InsertionSort, 100, 768, 1000
InsertionSort, 100, 769, 1100
InsertionSort, 100, 770, 1100
InsertionSort, 100, 771, 1100
InsertionSort, 100, 772, 1100
InsertionSort, 100, 773, 1100
InsertionSort, 100, 774, 1100
InsertionSort, 100, 775, 1200
InsertionSort, 100, 776, 1100
InsertionSort, 100, 777, 1100
InsertionSort, 100, 778, 1200
InsertionSort, 100, 779, 1100
InsertionSort, 100, 780, 1100
InsertionSort, 100, 781, 1100
InsertionSort, 100, 782, 1100
InsertionSort, 100, 783, 1100
InsertionSort, 100, 784, 1100
InsertionSort, 100, 785, 1200
InsertionSort, 100, 786, 1100
InsertionSort, 100, 787, 1100
InsertionSort, 100, 788, 1100
InsertionSort, 100, 789, 1000
InsertionSort, 100, 790, 1100
InsertionSort, 100, 791, 1100
InsertionSort, 100, 792, 1200
InsertionSort, 100, 793, 1100
InsertionSort, 100, 794, 1000
InsertionSort, 100, 795, 1200
InsertionSort, 100, 796, 1200
InsertionSort, 100, 797, 1000
InsertionSort, 100, 798, 1100
InsertionSort, 100, 799, 1200
InsertionSort, 100, 800, 1000
InsertionSort, 100, 801, 1000
InsertionSort, 100, 802, 1100
InsertionSort, 100, 803, 1100
InsertionSort, 100, 804, 1200
InsertionSort, 100, 805, 1100
InsertionSort, 100, 806, 1000
InsertionSort, 100, 807, 1100
InsertionSort, 100, 808, 1100
InsertionSort, 100, 809, 1100
InsertionSort, 100, 810, 1100
InsertionSort, 100, 811, 1100
InsertionSort, 100, 812, 1100
InsertionSort, 100, 813, 1100
InsertionSort, 100, 814, 1100
InsertionSort, 100, 815, 1200
InsertionSort, 100, 816, 1200
InsertionSort, 100, 817, 1100
InsertionSort, 100, 818, 1100
InsertionSort, 100, 819, 1100
InsertionSort, 100, 820, 1100
InsertionSort, 100, 821, 1100
InsertionSort, 100, 822, 1100
InsertionSort, 100, 823, 1200
InsertionSort, 100, 824, 1000
InsertionSort, 100, 825, 1100
InsertionSort, 100, 826, 1100
InsertionSort, 100, 827, 1200
InsertionSort, 100, 828, 1100
InsertionSort, 100, 829, 1100
InsertionSort, 100, 830, 1200
InsertionSort, 100, 831, 1200
InsertionSort, 100, 832, 1300
InsertionSort, 100, 833, 1100
InsertionSort, 100, 834, 1100
InsertionSort, 100, 835, 1200
InsertionSort, 100, 836, 1200
InsertionSort, 100, 837, 1200
InsertionSort, 100, 838, 1200
InsertionSort, 100, 839, 1000
InsertionSort, 100, 840, 1100
InsertionSort, 100, 841, 1200
InsertionSort, 100, 842, 1100
InsertionSort, 100, 843, 1100
InsertionSort, 100, 844, 1100
InsertionSort, 100, 845, 1100
InsertionSort, 100, 846, 1100
InsertionSort, 100, 847, 1200
InsertionSort, 100, 848, 1000
InsertionSort, 100, 849, 1000
InsertionSort, 100, 850, 1100
InsertionSort, 100, 851, 1000
InsertionSort, 100, 852, 1100
InsertionSort, 100, 853, 1100
InsertionSort, 100, 854, 1100
InsertionSort, 100, 855, 1200
InsertionSort, 100, 856, 1100
InsertionSort, 100, 857, 1100
InsertionSort, 100, 858, 1100
InsertionSort, 100, 859, 1100
InsertionSort, 100, 860, 1100
InsertionSort, 100, 861, 1200
InsertionSort, 100, 862, 1100
InsertionSort, 100, 863, 1100
InsertionSort, 100, 864, 1100
InsertionSort, 100, 865, 1000
InsertionSort, 100, 866, 1100
InsertionSort, 100, 867, 1100
InsertionSort, 100, 868, 1100
InsertionSort, 100, 869, 1000
InsertionSort, 100, 870, 1200
InsertionSort, 100, 871, 1100
InsertionSort, 100, 872, 1100
InsertionSort, 100, 873, 1100
InsertionSort, 100, 874, 1100
InsertionSort, 100, 875, 1000
InsertionSort, 100, 876, 1000
InsertionSort, 100, 877, 1100
InsertionSort, 100, 878, 1100
InsertionSort, 100, 879, 1100
InsertionSort, 100, 880, 1100
InsertionSort, 100, 881, 1100
InsertionSort, 100, 882, 1100
InsertionSort, 100, 883, 1200
InsertionSort, 100, 884, 1100
InsertionSort, 100, 885, 1100
InsertionSort, 100, 886, 1000
InsertionSort, 100, 887, 1100
InsertionSort, 100, 888, 1100
InsertionSort, 100, 889, 1200
InsertionSort, 100, 890, 1100
InsertionSort, 100, 891, 1100
InsertionSort, 100, 892, 1200
InsertionSort, 100, 893, 1100
InsertionSort, 100, 894, 1200
InsertionSort, 100, 895, 1200
InsertionSort, 100, 896, 1000
InsertionSort, 100, 897, 1100
InsertionSort, 100, 898, 1100
InsertionSort, 100, 899, 1100
InsertionSort, 100, 900, 1100
InsertionSort, 100, 901, 1100
InsertionSort, 100, 902, 1200
InsertionSort, 100, 903, 1100
InsertionSort, 100, 904, 1100
InsertionSort, 100, 905, 1100
InsertionSort, 100, 906, 1200
InsertionSort, 100, 907, 1100
InsertionSort, 100, 908, 1200
InsertionSort, 100, 909, 1200
InsertionSort, 100, 910, 1200
InsertionSort, 100, 911, 1100
InsertionSort, 100, 912, 1100
InsertionSort, 100, 913, 1000
InsertionSort, 100, 914, 1100
InsertionSort, 100, 915, 1100
InsertionSort, 100, 916, 1100
InsertionSort, 100, 917, 1100
InsertionSort, 100, 918, 1100
InsertionSort, 100, 919, 1100
InsertionSort, 100, 920, 1100
InsertionSort, 100, 921, 1200
InsertionSort, 100, 922, 1100
InsertionSort, 100, 923, 1200
InsertionSort, 100, 924, 1200
InsertionSort, 100, 925, 1100
InsertionSort, 100, 926, 1100
InsertionSort, 100, 927, 1000
InsertionSort, 100, 928, 1100
InsertionSort, 100, 929, 1100
InsertionSort, 100, 930, 1100
InsertionSort, 100, 931, 1100
InsertionSort, 100, 932, 1200
InsertionSort, 100, 933, 1200
InsertionSort, 100, 934, 1100
InsertionSort, 100, 935, 1200
InsertionSort, 100, 936, 1200
InsertionSort, 100, 937, 1200
InsertionSort, 100, 938, 1100
InsertionSort, 100, 939, 1100
InsertionSort, 100, 940, 1100
InsertionSort, 100, 941, 1000
InsertionSort, 100, 942, 1100
InsertionSort, 100, 943, 1100
InsertionSort, 100, 944, 1100
InsertionSort, 100, 945, 1100
InsertionSort, 100, 946, 1100
InsertionSort, 100, 947, 1100
InsertionSort, 100, 948, 1200
InsertionSort, 100, 949, 1100
InsertionSort, 100, 950, 1100
InsertionSort, 100, 951, 1100
InsertionSort, 100, 952, 1100
InsertionSort, 100, 953, 1100
InsertionSort, 100, 954, 1000
InsertionSort, 100, 955, 1200
InsertionSort, 100, 956, 1100
InsertionSort, 100, 957, 1200
InsertionSort, 100, 958, 1200
InsertionSort, 100, 959, 1100
InsertionSort, 100, 960, 1100
InsertionSort, 100, 961, 1100
InsertionSort, 100, 962, 1100
InsertionSort, 100, 963, 1100
InsertionSort, 100, 964, 1100
InsertionSort, 100, 965, 1100
InsertionSort, 100, 966, 1000
InsertionSort, 100, 967, 1100
InsertionSort, 100, 968, 1000
InsertionSort, 100, 969, 1100
InsertionSort, 100, 970, 1100
InsertionSort, 100, 971, 1100
InsertionSort, 100, 972, 1000
InsertionSort, 100, 973, 1000
InsertionSort, 100, 974, 1100
InsertionSort, 100, 975, 1100
InsertionSort, 100, 976, 1200
InsertionSort, 100, 977, 1100
InsertionSort, 100, 978, 1100
InsertionSort, 100, 979, 1000
InsertionSort, 100, 980, 1200
InsertionSort, 100, 981, 1100
InsertionSort, 100, 982, 1100
InsertionSort, 100, 983, 1100
InsertionSort, 100, 984, 1100
InsertionSort, 100, 985, 1100
InsertionSort, 100, 986, 1100
InsertionSort, 100, 987, 1200
InsertionSort, 100, 988, 1100
InsertionSort, 100, 989, 1000
InsertionSort, 100, 990, 1200
InsertionSort, 100, 991, 1100
InsertionSort, 100, 992, 1100
InsertionSort, 100, 993, 1200
InsertionSort, 100, 994, 1100
InsertionSort, 100, 995, 1100
InsertionSort, 100, 996, 1100
InsertionSort, 100, 997, 1100
InsertionSort, 100, 998, 1200
InsertionSort, 100, 999, 1100
InsertionSort, 100, 1000, 1100
SelectionSort, 100, 1, 51500
SelectionSort, 100, 2, 50200
SelectionSort, 100, 3, 50200
SelectionSort, 100, 4, 50300
SelectionSort, 100, 5, 50000
SelectionSort, 100, 6, 50100
SelectionSort, 100, 7, 50400
SelectionSort, 100, 8, 50900
SelectionSort, 100, 9, 50300
SelectionSort, 100, 10, 50100
SelectionSort, 100, 11, 50400
SelectionSort, 100, 12, 55000
SelectionSort, 100, 13, 52800
SelectionSort, 100, 14, 44900
SelectionSort, 100, 15, 14200
SelectionSort, 100, 16, 14600
SelectionSort, 100, 17, 11200
SelectionSort, 100, 18, 10400
SelectionSort, 100, 19, 11200
SelectionSort, 100, 20, 10700
SelectionSort, 100, 21, 21700
SelectionSort, 100, 22, 11000
SelectionSort, 100, 23, 10800
SelectionSort, 100, 24, 11000
SelectionSort, 100, 25, 11100
SelectionSort, 100, 26, 11000
SelectionSort, 100, 27, 10900
SelectionSort, 100, 28, 11100
SelectionSort, 100, 29, 11200
SelectionSort, 100, 30, 11000
SelectionSort, 100, 31, 10900
SelectionSort, 100, 32, 11500
SelectionSort, 100, 33, 11100
SelectionSort, 100, 34, 11100
SelectionSort, 100, 35, 10900
SelectionSort, 100, 36, 11200
SelectionSort, 100, 37, 11300
SelectionSort, 100, 38, 10800
SelectionSort, 100, 39, 11000
SelectionSort, 100, 40, 11000
SelectionSort, 100, 41, 11100
SelectionSort, 100, 42, 11100
SelectionSort, 100, 43, 10900
SelectionSort, 100, 44, 11300
SelectionSort, 100, 45, 11000
SelectionSort, 100, 46, 10900
SelectionSort, 100, 47, 11300
SelectionSort, 100, 48, 11000
SelectionSort, 100, 49, 10900
SelectionSort, 100, 50, 10600
SelectionSort, 100, 51, 11300
SelectionSort, 100, 52, 10800
SelectionSort, 100, 53, 10900
SelectionSort, 100, 54, 10900
SelectionSort, 100, 55, 10900
SelectionSort, 100, 56, 11000
SelectionSort, 100, 57, 11100
SelectionSort, 100, 58, 11300
SelectionSort, 100, 59, 10700
SelectionSort, 100, 60, 11300
SelectionSort, 100, 61, 11200
SelectionSort, 100, 62, 10900
SelectionSort, 100, 63, 11100
SelectionSort, 100, 64, 10900
SelectionSort, 100, 65, 10600
SelectionSort, 100, 66, 10900
SelectionSort, 100, 67, 10700
SelectionSort, 100, 68, 11100
SelectionSort, 100, 69, 11200
SelectionSort, 100, 70, 10600
SelectionSort, 100, 71, 11000
SelectionSort, 100, 72, 10900
SelectionSort, 100, 73, 11200
SelectionSort, 100, 74, 11000
SelectionSort, 100, 75, 10900
SelectionSort, 100, 76, 11100
SelectionSort, 100, 77, 11200
SelectionSort, 100, 78, 10700
SelectionSort, 100, 79, 10900
SelectionSort, 100, 80, 10900
SelectionSort, 100, 81, 11200
SelectionSort, 100, 82, 11200
SelectionSort, 100, 83, 10700
SelectionSort, 100, 84, 10900
SelectionSort, 100, 85, 10900
SelectionSort, 100, 86, 10800
SelectionSort, 100, 87, 10800
SelectionSort, 100, 88, 10700
SelectionSort, 100, 89, 10800
SelectionSort, 100, 90, 15600
SelectionSort, 100, 91, 10900
SelectionSort, 100, 92, 10900
SelectionSort, 100, 93, 10700
SelectionSort, 100, 94, 11100
SelectionSort, 100, 95, 11300
SelectionSort, 100, 96, 10900
SelectionSort, 100, 97, 11300
SelectionSort, 100, 98, 11200
SelectionSort, 100, 99, 11200
SelectionSort, 100, 100, 11100
SelectionSort, 100, 101, 11100
SelectionSort, 100, 102, 11000
SelectionSort, 100, 103, 11500
SelectionSort, 100, 104, 11100
SelectionSort, 100, 105, 11300
SelectionSort, 100, 106, 11400
SelectionSort, 100, 107, 11500
SelectionSort, 100, 108, 11200
SelectionSort, 100, 109, 11600
SelectionSort, 100, 110, 11400
SelectionSort, 100, 111, 11300
SelectionSort, 100, 112, 11400
SelectionSort, 100, 113, 11300
SelectionSort, 100, 114, 11400
SelectionSort, 100, 115, 11500
SelectionSort, 100, 116, 11500
SelectionSort, 100, 117, 11300
SelectionSort, 100, 118, 11200
SelectionSort, 100, 119, 10900
SelectionSort, 100, 120, 11100
SelectionSort, 100, 121, 11600
SelectionSort, 100, 122, 10700
SelectionSort, 100, 123, 11400
SelectionSort, 100, 124, 11700
SelectionSort, 100, 125, 11100
SelectionSort, 100, 126, 11300
SelectionSort, 100, 127, 11200
SelectionSort, 100, 128, 11300
SelectionSort, 100, 129, 11300
SelectionSort, 100, 130, 13200
SelectionSort, 100, 131, 11300
SelectionSort, 100, 132, 11000
SelectionSort, 100, 133, 11300
SelectionSort, 100, 134, 11300
SelectionSort, 100, 135, 11300
SelectionSort, 100, 136, 46300
SelectionSort, 100, 137, 11300
SelectionSort, 100, 138, 26400
SelectionSort, 100, 139, 10900
SelectionSort, 100, 140, 24200
SelectionSort, 100, 141, 10900
SelectionSort, 100, 142, 23100
SelectionSort, 100, 143, 11000
SelectionSort, 100, 144, 22800
SelectionSort, 100, 145, 11000
SelectionSort, 100, 146, 22600
SelectionSort, 100, 147, 10900
SelectionSort, 100, 148, 22800
SelectionSort, 100, 149, 10700
SelectionSort, 100, 150, 22600
SelectionSort, 100, 151, 11300
SelectionSort, 100, 152, 22800
SelectionSort, 100, 153, 10700
SelectionSort, 100, 154, 22600
SelectionSort, 100, 155, 10900
SelectionSort, 100, 156, 22800
SelectionSort, 100, 157, 11300
SelectionSort, 100, 158, 22600
SelectionSort, 100, 159, 11100
SelectionSort, 100, 160, 23100
SelectionSort, 100, 161, 11200
SelectionSort, 100, 162, 23200
SelectionSort, 100, 163, 10800
SelectionSort, 100, 164, 23200
SelectionSort, 100, 165, 11300
SelectionSort, 100, 166, 22800
SelectionSort, 100, 167, 11200
SelectionSort, 100, 168, 23000
SelectionSort, 100, 169, 10900
SelectionSort, 100, 170, 22900
SelectionSort, 100, 171, 11200
SelectionSort, 100, 172, 23000
SelectionSort, 100, 173, 11000
SelectionSort, 100, 174, 23000
SelectionSort, 100, 175, 10900
SelectionSort, 100, 176, 23100
SelectionSort, 100, 177, 10900
SelectionSort, 100, 178, 22900
SelectionSort, 100, 179, 10900
SelectionSort, 100, 180, 23100
SelectionSort, 100, 181, 11300
SelectionSort, 100, 182, 23200
SelectionSort, 100, 183, 10900
SelectionSort, 100, 184, 23000
SelectionSort, 100, 185, 10900
SelectionSort, 100, 186, 22800
SelectionSort, 100, 187, 11100
SelectionSort, 100, 188, 23800
SelectionSort, 100, 189, 10900
SelectionSort, 100, 190, 23000
SelectionSort, 100, 191, 10900
SelectionSort, 100, 192, 22800
SelectionSort, 100, 193, 10400
SelectionSort, 100, 194, 22700
SelectionSort, 100, 195, 10700
SelectionSort, 100, 196, 22700
SelectionSort, 100, 197, 10900
SelectionSort, 100, 198, 22900
SelectionSort, 100, 199, 10800
SelectionSort, 100, 200, 22500
SelectionSort, 100, 201, 10500
SelectionSort, 100, 202, 22600
SelectionSort, 100, 203, 10700
SelectionSort, 100, 204, 23300
SelectionSort, 100, 205, 10600
SelectionSort, 100, 206, 22500
SelectionSort, 100, 207, 10900
SelectionSort, 100, 208, 23000
SelectionSort, 100, 209, 11100
SelectionSort, 100, 210, 22700
SelectionSort, 100, 211, 10900
SelectionSort, 100, 212, 22600
SelectionSort, 100, 213, 10900
SelectionSort, 100, 214, 23400
SelectionSort, 100, 215, 10700
SelectionSort, 100, 216, 22700
SelectionSort, 100, 217, 10700
SelectionSort, 100, 218, 23300
SelectionSort, 100, 219, 10600
SelectionSort, 100, 220, 22400
SelectionSort, 100, 221, 10900
SelectionSort, 100, 222, 22300
SelectionSort, 100, 223, 10900
SelectionSort, 100, 224, 23600
SelectionSort, 100, 225, 11000
SelectionSort, 100, 226, 22800
SelectionSort, 100, 227, 10900
SelectionSort, 100, 228, 22900
SelectionSort, 100, 229, 10900
SelectionSort, 100, 230, 23400
SelectionSort, 100, 231, 10900
SelectionSort, 100, 232, 22700
SelectionSort, 100, 233, 11100
SelectionSort, 100, 234, 22500
SelectionSort, 100, 235, 10700
SelectionSort, 100, 236, 22400
SelectionSort, 100, 237, 10900
SelectionSort, 100, 238, 23000
SelectionSort, 100, 239, 11000
SelectionSort, 100, 240, 22700
SelectionSort, 100, 241, 11200
SelectionSort, 100, 242, 22800
SelectionSort, 100, 243, 10700
SelectionSort, 100, 244, 23000
SelectionSort, 100, 245, 11100
SelectionSort, 100, 246, 22800
SelectionSort, 100, 247, 11000
SelectionSort, 100, 248, 22700
SelectionSort, 100, 249, 10900
SelectionSort, 100, 250, 22800
SelectionSort, 100, 251, 10600
SelectionSort, 100, 252, 22300
SelectionSort, 100, 253, 10900
SelectionSort, 100, 254, 22500
SelectionSort, 100, 255, 10800
SelectionSort, 100, 256, 23000
SelectionSort, 100, 257, 10800
SelectionSort, 100, 258, 22900
SelectionSort, 100, 259, 10600
SelectionSort, 100, 260, 22700
SelectionSort, 100, 261, 10800
SelectionSort, 100, 262, 23000
SelectionSort, 100, 263, 10800
SelectionSort, 100, 264, 22900
SelectionSort, 100, 265, 11200
SelectionSort, 100, 266, 23300
SelectionSort, 100, 267, 12400
SelectionSort, 100, 268, 22700
SelectionSort, 100, 269, 10700
SelectionSort, 100, 270, 22300
SelectionSort, 100, 271, 11100
SelectionSort, 100, 272, 22800
SelectionSort, 100, 273, 11000
SelectionSort, 100, 274, 22500
SelectionSort, 100, 275, 11000
SelectionSort, 100, 276, 22400
SelectionSort, 100, 277, 10800
SelectionSort, 100, 278, 22900
SelectionSort, 100, 279, 10700
SelectionSort, 100, 280, 22900
SelectionSort, 100, 281, 10700
SelectionSort, 100, 282, 22600
SelectionSort, 100, 283, 10700
SelectionSort, 100, 284, 49100
SelectionSort, 100, 285, 11100
SelectionSort, 100, 286, 23000
SelectionSort, 100, 287, 30700
SelectionSort, 100, 288, 23200
SelectionSort, 100, 289, 21200
SelectionSort, 100, 290, 24600
SelectionSort, 100, 291, 17000
SelectionSort, 100, 292, 17100
SelectionSort, 100, 293, 15600
SelectionSort, 100, 294, 15600
SelectionSort, 100, 295, 15500
SelectionSort, 100, 296, 15400
SelectionSort, 100, 297, 15400
SelectionSort, 100, 298, 15500
SelectionSort, 100, 299, 15300
SelectionSort, 100, 300, 15300
SelectionSort, 100, 301, 15100
SelectionSort, 100, 302, 15200
SelectionSort, 100, 303, 15400
SelectionSort, 100, 304, 15500
SelectionSort, 100, 305, 15300
SelectionSort, 100, 306, 15200
SelectionSort, 100, 307, 15500
SelectionSort, 100, 308, 15300
SelectionSort, 100, 309, 15200
SelectionSort, 100, 310, 15300
SelectionSort, 100, 311, 15300
SelectionSort, 100, 312, 15300
SelectionSort, 100, 313, 15500
SelectionSort, 100, 314, 15200
SelectionSort, 100, 315, 15300
SelectionSort, 100, 316, 15300
SelectionSort, 100, 317, 15300
SelectionSort, 100, 318, 15300
SelectionSort, 100, 319, 15300
SelectionSort, 100, 320, 15300
SelectionSort, 100, 321, 15600
SelectionSort, 100, 322, 15400
SelectionSort, 100, 323, 15400
SelectionSort, 100, 324, 15300
SelectionSort, 100, 325, 15300
SelectionSort, 100, 326, 15300
SelectionSort, 100, 327, 15500
SelectionSort, 100, 328, 15300
SelectionSort, 100, 329, 15300
SelectionSort, 100, 330, 15300
SelectionSort, 100, 331, 15300
SelectionSort, 100, 332, 15200
SelectionSort, 100, 333, 15200
SelectionSort, 100, 334, 15300
SelectionSort, 100, 335, 15200
SelectionSort, 100, 336, 15200
SelectionSort, 100, 337, 15200
SelectionSort, 100, 338, 15500
SelectionSort, 100, 339, 15300
SelectionSort, 100, 340, 15300
SelectionSort, 100, 341, 19000
SelectionSort, 100, 342, 15300
SelectionSort, 100, 343, 15400
SelectionSort, 100, 344, 15300
SelectionSort, 100, 345, 14900
SelectionSort, 100, 346, 15300
SelectionSort, 100, 347, 15400
SelectionSort, 100, 348, 17000
SelectionSort, 100, 349, 15100
SelectionSort, 100, 350, 15200
SelectionSort, 100, 351, 15200
SelectionSort, 100, 352, 15200
SelectionSort, 100, 353, 15200
SelectionSort, 100, 354, 15300
SelectionSort, 100, 355, 15100
SelectionSort, 100, 356, 15400
SelectionSort, 100, 357, 15300
SelectionSort, 100, 358, 15000
SelectionSort, 100, 359, 15100
SelectionSort, 100, 360, 15000
SelectionSort, 100, 361, 15200
SelectionSort, 100, 362, 19400
SelectionSort, 100, 363, 15200
SelectionSort, 100, 364, 15200
SelectionSort, 100, 365, 15100
SelectionSort, 100, 366, 15400
SelectionSort, 100, 367, 15200
SelectionSort, 100, 368, 15200
SelectionSort, 100, 369, 15300
SelectionSort, 100, 370, 18800
SelectionSort, 100, 371, 15100
SelectionSort, 100, 372, 15200
SelectionSort, 100, 373, 15100
SelectionSort, 100, 374, 15100
SelectionSort, 100, 375, 15300
SelectionSort, 100, 376, 15100
SelectionSort, 100, 377, 15000
SelectionSort, 100, 378, 15100
SelectionSort, 100, 379, 15100
SelectionSort, 100, 380, 15200
SelectionSort, 100, 381, 15300
SelectionSort, 100, 382, 15000
SelectionSort, 100, 383, 15400
SelectionSort, 100, 384, 15200
SelectionSort, 100, 385, 15100
SelectionSort, 100, 386, 15100
SelectionSort, 100, 387, 14900
SelectionSort, 100, 388, 15300
SelectionSort, 100, 389, 15200
SelectionSort, 100, 390, 15200
SelectionSort, 100, 391, 15100
SelectionSort, 100, 392, 15100
SelectionSort, 100, 393, 14800
SelectionSort, 100, 394, 15100
SelectionSort, 100, 395, 15200
SelectionSort, 100, 396, 15200
SelectionSort, 100, 397, 15200
SelectionSort, 100, 398, 15100
SelectionSort, 100, 399, 15200
SelectionSort, 100, 400, 15500
SelectionSort, 100, 401, 15300
SelectionSort, 100, 402, 15000
SelectionSort, 100, 403, 15200
SelectionSort, 100, 404, 15000
SelectionSort, 100, 405, 15100
SelectionSort, 100, 406, 15000
SelectionSort, 100, 407, 15200
SelectionSort, 100, 408, 15200
SelectionSort, 100, 409, 15200
SelectionSort, 100, 410, 15400
SelectionSort, 100, 411, 15100
SelectionSort, 100, 412, 15300
SelectionSort, 100, 413, 15100
SelectionSort, 100, 414, 15000
SelectionSort, 100, 415, 16000
SelectionSort, 100, 416, 15100
SelectionSort, 100, 417, 15100
SelectionSort, 100, 418, 15400
SelectionSort, 100, 419, 15900
SelectionSort, 100, 420, 7500
SelectionSort, 100, 421, 4900
SelectionSort, 100, 422, 4700
SelectionSort, 100, 423, 4900
SelectionSort, 100, 424, 4600
SelectionSort, 100, 425, 4800
SelectionSort, 100, 426, 4500
SelectionSort, 100, 427, 4500
SelectionSort, 100, 428, 4300
SelectionSort, 100, 429, 4500
SelectionSort, 100, 430, 4500
SelectionSort, 100, 431, 4700
SelectionSort, 100, 432, 4200
SelectionSort, 100, 433, 4400
SelectionSort, 100, 434, 4400
SelectionSort, 100, 435, 4500
SelectionSort, 100, 436, 4100
SelectionSort, 100, 437, 4300
SelectionSort, 100, 438, 4200
SelectionSort, 100, 439, 4200
SelectionSort, 100, 440, 4300
SelectionSort, 100, 441, 4700
SelectionSort, 100, 442, 4400
SelectionSort, 100, 443, 4100
SelectionSort, 100, 444, 4300
SelectionSort, 100, 445, 4100
SelectionSort, 100, 446, 4200
SelectionSort, 100, 447, 4300
SelectionSort, 100, 448, 4400
SelectionSort, 100, 449, 4100
SelectionSort, 100, 450, 4200
SelectionSort, 100, 451, 4200
SelectionSort, 100, 452, 4100
SelectionSort, 100, 453, 4300
SelectionSort, 100, 454, 4100
SelectionSort, 100, 455, 3900
SelectionSort, 100, 456, 4100
SelectionSort, 100, 457, 4000
SelectionSort, 100, 458, 4200
SelectionSort, 100, 459, 4200
SelectionSort, 100, 460, 4200
SelectionSort, 100, 461, 4200
SelectionSort, 100, 462, 4200
SelectionSort, 100, 463, 4400
SelectionSort, 100, 464, 4100
SelectionSort, 100, 465, 4100
SelectionSort, 100, 466, 4100
SelectionSort, 100, 467, 4100
SelectionSort, 100, 468, 4200
SelectionSort, 100, 469, 4500
SelectionSort, 100, 470, 4100
SelectionSort, 100, 471, 4200
SelectionSort, 100, 472, 4700
SelectionSort, 100, 473, 4400
SelectionSort, 100, 474, 3800
SelectionSort, 100, 475, 4200
SelectionSort, 100, 476, 4200
SelectionSort, 100, 477, 4400
SelectionSort, 100, 478, 4100
SelectionSort, 100, 479, 4200
SelectionSort, 100, 480, 4100
SelectionSort, 100, 481, 4300
SelectionSort, 100, 482, 3900
SelectionSort, 100, 483, 4100
SelectionSort, 100, 484, 4100
SelectionSort, 100, 485, 4200
SelectionSort, 100, 486, 4300
SelectionSort, 100, 487, 4100
SelectionSort, 100, 488, 4000
SelectionSort, 100, 489, 4300
SelectionSort, 100, 490, 4200
SelectionSort, 100, 491, 4000
SelectionSort, 100, 492, 4000
SelectionSort, 100, 493, 4300
SelectionSort, 100, 494, 3900
SelectionSort, 100, 495, 4200
SelectionSort, 100, 496, 4000
SelectionSort, 100, 497, 4100
SelectionSort, 100, 498, 4000
SelectionSort, 100, 499, 4000
SelectionSort, 100, 500, 4000
SelectionSort, 100, 501, 4000
SelectionSort, 100, 502, 4000
SelectionSort, 100, 503, 3900
SelectionSort, 100, 504, 4200
SelectionSort, 100, 505, 4000
SelectionSort, 100, 506, 4000
SelectionSort, 100, 507, 4100
SelectionSort, 100, 508, 4100
SelectionSort, 100, 509, 4100
SelectionSort, 100, 510, 4000
SelectionSort, 100, 511, 4200
SelectionSort, 100, 512, 4200
SelectionSort, 100, 513, 4200
SelectionSort, 100, 514, 3900
SelectionSort, 100, 515, 4100
SelectionSort, 100, 516, 4000
SelectionSort, 100, 517, 4100
SelectionSort, 100, 518, 4300
SelectionSort, 100, 519, 4000
SelectionSort, 100, 520, 4100
SelectionSort, 100, 521, 4000
SelectionSort, 100, 522, 4100
SelectionSort, 100, 523, 4000
SelectionSort, 100, 524, 3900
SelectionSort, 100, 525, 4000
SelectionSort, 100, 526, 4100
SelectionSort, 100, 527, 4200
SelectionSort, 100, 528, 4400
SelectionSort, 100, 529, 4300
SelectionSort, 100, 530, 4300
SelectionSort, 100, 531, 4000
SelectionSort, 100, 532, 4100
SelectionSort, 100, 533, 4100
SelectionSort, 100, 534, 4000
SelectionSort, 100, 535, 4300
SelectionSort, 100, 536, 4100
SelectionSort, 100, 537, 4300
SelectionSort, 100, 538, 4200
SelectionSort, 100, 539, 3900
SelectionSort, 100, 540, 4000
SelectionSort, 100, 541, 4100
SelectionSort, 100, 542, 4000
SelectionSort, 100, 543, 4100
SelectionSort, 100, 544, 3900
SelectionSort, 100, 545, 4100
SelectionSort, 100, 546, 4100
SelectionSort, 100, 547, 3800
SelectionSort, 100, 548, 4100
SelectionSort, 100, 549, 3900
SelectionSort, 100, 550, 3900
SelectionSort, 100, 551, 4200
SelectionSort, 100, 552, 4000
SelectionSort, 100, 553, 4000
SelectionSort, 100, 554, 4100
SelectionSort, 100, 555, 4200
SelectionSort, 100, 556, 4300
SelectionSort, 100, 557, 4100
SelectionSort, 100, 558, 4000
SelectionSort, 100, 559, 4100
SelectionSort, 100, 560, 4000
SelectionSort, 100, 561, 4100
SelectionSort, 100, 562, 4100
SelectionSort, 100, 563, 4100
SelectionSort, 100, 564, 4100
SelectionSort, 100, 565, 4100
SelectionSort, 100, 566, 4100
SelectionSort, 100, 567, 4200
SelectionSort, 100, 568, 4400
SelectionSort, 100, 569, 3900
SelectionSort, 100, 570, 4000
SelectionSort, 100, 571, 4000
SelectionSort, 100, 572, 3900
SelectionSort, 100, 573, 4300
SelectionSort, 100, 574, 4100
SelectionSort, 100, 575, 4100
SelectionSort, 100, 576, 3900
SelectionSort, 100, 577, 4000
SelectionSort, 100, 578, 4200
SelectionSort, 100, 579, 4000
SelectionSort, 100, 580, 3900
SelectionSort, 100, 581, 4000
SelectionSort, 100, 582, 3900
SelectionSort, 100, 583, 3900
SelectionSort, 100, 584, 4000
SelectionSort, 100, 585, 4200
SelectionSort, 100, 586, 4000
SelectionSort, 100, 587, 4000
SelectionSort, 100, 588, 4200
SelectionSort, 100, 589, 3900
SelectionSort, 100, 590, 4200
SelectionSort, 100, 591, 4000
SelectionSort, 100, 592, 4000
SelectionSort, 100, 593, 4000
SelectionSort, 100, 594, 3900
SelectionSort, 100, 595, 4300
SelectionSort, 100, 596, 3900
SelectionSort, 100, 597, 4200
SelectionSort, 100, 598, 4000
SelectionSort, 100, 599, 5300
SelectionSort, 100, 600, 4100
SelectionSort, 100, 601, 4200
SelectionSort, 100, 602, 4000
SelectionSort, 100, 603, 3700
SelectionSort, 100, 604, 3900
SelectionSort, 100, 605, 4200
SelectionSort, 100, 606, 4000
SelectionSort, 100, 607, 3900
SelectionSort, 100, 608, 4200
SelectionSort, 100, 609, 4000
SelectionSort, 100, 610, 3900
SelectionSort, 100, 611, 4100
SelectionSort, 100, 612, 4000
SelectionSort, 100, 613, 4000
SelectionSort, 100, 614, 4000
SelectionSort, 100, 615, 4100
SelectionSort, 100, 616, 4000
SelectionSort, 100, 617, 4100
SelectionSort, 100, 618, 4100
SelectionSort, 100, 619, 3900
SelectionSort, 100, 620, 4200
SelectionSort, 100, 621, 3900
SelectionSort, 100, 622, 4100
SelectionSort, 100, 623, 3900
SelectionSort, 100, 624, 3900
SelectionSort, 100, 625, 3900
SelectionSort, 100, 626, 4000
SelectionSort, 100, 627, 4000
SelectionSort, 100, 628, 3900
SelectionSort, 100, 629, 4000
SelectionSort, 100, 630, 4200
SelectionSort, 100, 631, 4200
SelectionSort, 100, 632, 4200
SelectionSort, 100, 633, 4100
SelectionSort, 100, 634, 4100
SelectionSort, 100, 635, 4200
SelectionSort, 100, 636, 4200
SelectionSort, 100, 637, 4000
SelectionSort, 100, 638, 4000
SelectionSort, 100, 639, 4100
SelectionSort, 100, 640, 3800
SelectionSort, 100, 641, 4100
SelectionSort, 100, 642, 4000
SelectionSort, 100, 643, 4200
SelectionSort, 100, 644, 4000
SelectionSort, 100, 645, 4000
SelectionSort, 100, 646, 4000
SelectionSort, 100, 647, 3900
SelectionSort, 100, 648, 3900
SelectionSort, 100, 649, 3800
SelectionSort, 100, 650, 4000
SelectionSort, 100, 651, 4100
SelectionSort, 100, 652, 4000
SelectionSort, 100, 653, 4000
SelectionSort, 100, 654, 3900
SelectionSort, 100, 655, 4200
SelectionSort, 100, 656, 3900
SelectionSort, 100, 657, 4000
SelectionSort, 100, 658, 3900
SelectionSort, 100, 659, 4100
SelectionSort, 100, 660, 3900
SelectionSort, 100, 661, 4000
SelectionSort, 100, 662, 4100
SelectionSort, 100, 663, 4000
SelectionSort, 100, 664, 3900
SelectionSort, 100, 665, 3900
SelectionSort, 100, 666, 4000
SelectionSort, 100, 667, 4200
SelectionSort, 100, 668, 3900
SelectionSort, 100, 669, 4100
SelectionSort, 100, 670, 3900
SelectionSort, 100, 671, 4000
SelectionSort, 100, 672, 4000
SelectionSort, 100, 673, 3900
SelectionSort, 100, 674, 3900
SelectionSort, 100, 675, 4100
SelectionSort, 100, 676, 4000
SelectionSort, 100, 677, 4100
SelectionSort, 100, 678, 4000
SelectionSort, 100, 679, 3800
SelectionSort, 100, 680, 3800
SelectionSort, 100, 681, 4000
SelectionSort, 100, 682, 4200
SelectionSort, 100, 683, 4000
SelectionSort, 100, 684, 4000
SelectionSort, 100, 685, 4200
SelectionSort, 100, 686, 3900
SelectionSort, 100, 687, 4000
SelectionSort, 100, 688, 4100
SelectionSort, 100, 689, 4000
SelectionSort, 100, 690, 3800
SelectionSort, 100, 691, 4100
SelectionSort, 100, 692, 4100
SelectionSort, 100, 693, 4000
SelectionSort, 100, 694, 3800
SelectionSort, 100, 695, 3900
SelectionSort, 100, 696, 3900
SelectionSort, 100, 697, 3900
SelectionSort, 100, 698, 3900
SelectionSort, 100, 699, 4200
SelectionSort, 100, 700, 4000
SelectionSort, 100, 701, 4000
SelectionSort, 100, 702, 4000
SelectionSort, 100, 703, 4200
SelectionSort, 100, 704, 4100
SelectionSort, 100, 705, 4000
SelectionSort, 100, 706, 4000
SelectionSort, 100, 707, 3700
SelectionSort, 100, 708, 4000
SelectionSort, 100, 709, 4000
SelectionSort, 100, 710, 4400
SelectionSort, 100, 711, 4100
SelectionSort, 100, 712, 4000
SelectionSort, 100, 713, 3900
SelectionSort, 100, 714, 3800
SelectionSort, 100, 715, 4000
SelectionSort, 100, 716, 4100
SelectionSort, 100, 717, 4200
SelectionSort, 100, 718, 4100
SelectionSort, 100, 719, 4100
SelectionSort, 100, 720, 4200
SelectionSort, 100, 721, 3900
SelectionSort, 100, 722, 4000
SelectionSort, 100, 723, 3800
SelectionSort, 100, 724, 3800
SelectionSort, 100, 725, 4000
SelectionSort, 100, 726, 4100
SelectionSort, 100, 727, 3900
SelectionSort, 100, 728, 3900
SelectionSort, 100, 729, 3800
SelectionSort, 100, 730, 4000
SelectionSort, 100, 731, 3900
SelectionSort, 100, 732, 4100
SelectionSort, 100, 733, 3900
SelectionSort, 100, 734, 3800
SelectionSort, 100, 735, 4100
SelectionSort, 100, 736, 4100
SelectionSort, 100, 737, 4200
SelectionSort, 100, 738, 3900
SelectionSort, 100, 739, 3900
SelectionSort, 100, 740, 3900
SelectionSort, 100, 741, 4000
SelectionSort, 100, 742, 3900
SelectionSort, 100, 743, 4100
SelectionSort, 100, 744, 4200
SelectionSort, 100, 745, 4000
SelectionSort, 100, 746, 4000
SelectionSort, 100, 747, 4000
SelectionSort, 100, 748, 3900
SelectionSort, 100, 749, 3900
SelectionSort, 100, 750, 3900
SelectionSort, 100, 751, 3900
SelectionSort, 100, 752, 4000
SelectionSort, 100, 753, 3900
SelectionSort, 100, 754, 3800
SelectionSort, 100, 755, 4400
SelectionSort, 100, 756, 3900
SelectionSort, 100, 757, 3900
SelectionSort, 100, 758, 4000
SelectionSort, 100, 759, 3900
SelectionSort, 100, 760, 3700
SelectionSort, 100, 761, 4000
SelectionSort, 100, 762, 4000
SelectionSort, 100, 763, 4100
SelectionSort, 100, 764, 3900
SelectionSort, 100, 765, 3700
SelectionSort, 100, 766, 3900
SelectionSort, 100, 767, 4200
SelectionSort, 100, 768, 4100
SelectionSort, 100, 769, 3800
SelectionSort, 100, 770, 3800
SelectionSort, 100, 771, 4000
SelectionSort, 100, 772, 3800
SelectionSort, 100, 773, 4000
SelectionSort, 100, 774, 4200
SelectionSort, 100, 775, 4100
SelectionSort, 100, 776, 4100
SelectionSort, 100, 777, 3900
SelectionSort, 100, 778, 4100
SelectionSort, 100, 779, 3900
SelectionSort, 100, 780, 4200
SelectionSort, 100, 781, 4000
SelectionSort, 100, 782, 4100
SelectionSort, 100, 783, 3900
SelectionSort, 100, 784, 3700
SelectionSort, 100, 785, 3900
SelectionSort, 100, 786, 4100
SelectionSort, 100, 787, 4000
SelectionSort, 100, 788, 4000
SelectionSort, 100, 789, 3900
SelectionSort, 100, 790, 4000
SelectionSort, 100, 791, 4000
SelectionSort, 100, 792, 3900
SelectionSort, 100, 793, 3800
SelectionSort, 100, 794, 3900
SelectionSort, 100, 795, 3900
SelectionSort, 100, 796, 4000
SelectionSort, 100, 797, 4100
SelectionSort, 100, 798, 3800
SelectionSort, 100, 799, 4000
SelectionSort, 100, 800, 4000
SelectionSort, 100, 801, 3800
SelectionSort, 100, 802, 4200
SelectionSort, 100, 803, 3900
SelectionSort, 100, 804, 4300
SelectionSort, 100, 805, 3900
SelectionSort, 100, 806, 4200
SelectionSort, 100, 807, 4000
SelectionSort, 100, 808, 3800
SelectionSort, 100, 809, 4000
SelectionSort, 100, 810, 3900
SelectionSort, 100, 811, 3900
SelectionSort, 100, 812, 4300
SelectionSort, 100, 813, 4000
SelectionSort, 100, 814, 3900
SelectionSort, 100, 815, 4100
SelectionSort, 100, 816, 4000
SelectionSort, 100, 817, 3800
SelectionSort, 100, 818, 4100
SelectionSort, 100, 819, 4100
SelectionSort, 100, 820, 3800
SelectionSort, 100, 821, 4000
SelectionSort, 100, 822, 4100
SelectionSort, 100, 823, 4100
SelectionSort, 100, 824, 4000
SelectionSort, 100, 825, 4100
SelectionSort, 100, 826, 4000
SelectionSort, 100, 827, 4100
SelectionSort, 100, 828, 3800
SelectionSort, 100, 829, 3700
SelectionSort, 100, 830, 4100
SelectionSort, 100, 831, 3900
SelectionSort, 100, 832, 4200
SelectionSort, 100, 833, 4100
SelectionSort, 100, 834, 4000
SelectionSort, 100, 835, 4100
SelectionSort, 100, 836, 3800
SelectionSort, 100, 837, 3900
SelectionSort, 100, 838, 3800
SelectionSort, 100, 839, 3900
SelectionSort, 100, 840, 4100
SelectionSort, 100, 841, 4400
SelectionSort, 100, 842, 4100
SelectionSort, 100, 843, 4100
SelectionSort, 100, 844, 3900
SelectionSort, 100, 845, 3800
SelectionSort, 100, 846, 3800
SelectionSort, 100, 847, 4000
SelectionSort, 100, 848, 3900
SelectionSort, 100, 849, 4100
SelectionSort, 100, 850, 4100
SelectionSort, 100, 851, 4100
SelectionSort, 100, 852, 3700
SelectionSort, 100, 853, 3900
SelectionSort, 100, 854, 4100
SelectionSort, 100, 855, 4100
SelectionSort, 100, 856, 3900
SelectionSort, 100, 857, 3800
SelectionSort, 100, 858, 4100
SelectionSort, 100, 859, 4100
SelectionSort, 100, 860, 4100
SelectionSort, 100, 861, 5500
SelectionSort, 100, 862, 3900
SelectionSort, 100, 863, 4100
SelectionSort, 100, 864, 4200
SelectionSort, 100, 865, 3900
SelectionSort, 100, 866, 4000
SelectionSort, 100, 867, 3900
SelectionSort, 100, 868, 3800
SelectionSort, 100, 869, 3700
SelectionSort, 100, 870, 4000
SelectionSort, 100, 871, 4000
SelectionSort, 100, 872, 3800
SelectionSort, 100, 873, 3900
SelectionSort, 100, 874, 4000
SelectionSort, 100, 875, 3900
SelectionSort, 100, 876, 4100
SelectionSort, 100, 877, 3800
SelectionSort, 100, 878, 4000
SelectionSort, 100, 879, 4000
SelectionSort, 100, 880, 4000
SelectionSort, 100, 881, 4000
SelectionSort, 100, 882, 4000
SelectionSort, 100, 883, 3900
SelectionSort, 100, 884, 4100
SelectionSort, 100, 885, 3800
SelectionSort, 100, 886, 4000
SelectionSort, 100, 887, 4100
SelectionSort, 100, 888, 4100
SelectionSort, 100, 889, 4000
SelectionSort, 100, 890, 4000
SelectionSort, 100, 891, 3800
SelectionSort, 100, 892, 4100
SelectionSort, 100, 893, 3900
SelectionSort, 100, 894, 4100
SelectionSort, 100, 895, 3800
SelectionSort, 100, 896, 3900
SelectionSort, 100, 897, 3800
SelectionSort, 100, 898, 4000
SelectionSort, 100, 899, 3900
SelectionSort, 100, 900, 3800
SelectionSort, 100, 901, 3900
SelectionSort, 100, 902, 4100
SelectionSort, 100, 903, 4300
SelectionSort, 100, 904, 4000
SelectionSort, 100, 905, 4000
SelectionSort, 100, 906, 4100
SelectionSort, 100, 907, 3900
SelectionSort, 100, 908, 4100
SelectionSort, 100, 909, 3900
SelectionSort, 100, 910, 4100
SelectionSort, 100, 911, 3900
SelectionSort, 100, 912, 4000
SelectionSort, 100, 913, 4000
SelectionSort, 100, 914, 3800
SelectionSort, 100, 915, 4000
SelectionSort, 100, 916, 3800
SelectionSort, 100, 917, 4000
SelectionSort, 100, 918, 3900
SelectionSort, 100, 919, 4100
SelectionSort, 100, 920, 3900
SelectionSort, 100, 921, 4100
SelectionSort, 100, 922, 4100
SelectionSort, 100, 923, 4200
SelectionSort, 100, 924, 3800
SelectionSort, 100, 925, 3900
SelectionSort, 100, 926, 3900
SelectionSort, 100, 927, 3900
SelectionSort, 100, 928, 4100
SelectionSort, 100, 929, 4200
SelectionSort, 100, 930, 3900
SelectionSort, 100, 931, 4000
SelectionSort, 100, 932, 4000
SelectionSort, 100, 933, 3900
SelectionSort, 100, 934, 4300
SelectionSort, 100, 935, 4200
SelectionSort, 100, 936, 4200
SelectionSort, 100, 937, 3900
SelectionSort, 100, 938, 3700
SelectionSort, 100, 939, 3900
SelectionSort, 100, 940, 3800
SelectionSort, 100, 941, 3900
SelectionSort, 100, 942, 3900
SelectionSort, 100, 943, 4000
SelectionSort, 100, 944, 4000
SelectionSort, 100, 945, 4100
SelectionSort, 100, 946, 3800
SelectionSort, 100, 947, 3900
SelectionSort, 100, 948, 4100
SelectionSort, 100, 949, 4000
SelectionSort, 100, 950, 4400
SelectionSort, 100, 951, 4000
SelectionSort, 100, 952, 3900
SelectionSort, 100, 953, 3900
SelectionSort, 100, 954, 3900
SelectionSort, 100, 955, 4000
SelectionSort, 100, 956, 3900
SelectionSort, 100, 957, 4100
SelectionSort, 100, 958, 4000
SelectionSort, 100, 959, 4000
SelectionSort, 100, 960, 3900
SelectionSort, 100, 961, 4100
SelectionSort, 100, 962, 4100
SelectionSort, 100, 963, 4100
SelectionSort, 100, 964, 4100
SelectionSort, 100, 965, 4200
SelectionSort, 100, 966, 4300
SelectionSort, 100, 967, 4000
SelectionSort, 100, 968, 4000
SelectionSort, 100, 969, 3700
SelectionSort, 100, 970, 3900
SelectionSort, 100, 971, 3800
SelectionSort, 100, 972, 4000
SelectionSort, 100, 973, 4100
SelectionSort, 100, 974, 3800
SelectionSort, 100, 975, 4200
SelectionSort, 100, 976, 4000
SelectionSort, 100, 977, 4000
SelectionSort, 100, 978, 4200
SelectionSort, 100, 979, 4100
SelectionSort, 100, 980, 4000
SelectionSort, 100, 981, 3800
SelectionSort, 100, 982, 4100
SelectionSort, 100, 983, 4000
SelectionSort, 100, 984, 3900
SelectionSort, 100, 985, 3800
SelectionSort, 100, 986, 3800
SelectionSort, 100, 987, 4100
SelectionSort, 100, 988, 4000
SelectionSort, 100, 989, 4000
SelectionSort, 100, 990, 4100
SelectionSort, 100, 991, 4100
SelectionSort, 100, 992, 4000
SelectionSort, 100, 993, 4200
SelectionSort, 100, 994, 3800
SelectionSort, 100, 995, 4100
SelectionSort, 100, 996, 3900
SelectionSort, 100, 997, 4100
SelectionSort, 100, 998, 3900
SelectionSort, 100, 999, 4100
SelectionSort, 100, 1000, 4000
InsertionSort, 1000, 1, 49000
InsertionSort, 1000, 2, 60600
InsertionSort, 1000, 3, 50400
InsertionSort, 1000, 4, 48700
InsertionSort, 1000, 5, 48600
InsertionSort, 1000, 6, 46700
InsertionSort, 1000, 7, 49100
InsertionSort, 1000, 8, 48900
InsertionSort, 1000, 9, 48000
InsertionSort, 1000, 10, 47100
InsertionSort, 1000, 11, 49000
InsertionSort, 1000, 12, 48000
InsertionSort, 1000, 13, 48900
InsertionSort, 1000, 14, 48600
InsertionSort, 1000, 15, 48800
InsertionSort, 1000, 16, 46600
InsertionSort, 1000, 17, 48000
InsertionSort, 1000, 18, 48100
InsertionSort, 1000, 19, 47800
InsertionSort, 1000, 20, 47500
InsertionSort, 1000, 21, 48600
InsertionSort, 1000, 22, 49200
InsertionSort, 1000, 23, 46900
InsertionSort, 1000, 24, 46300
InsertionSort, 1000, 25, 48100
InsertionSort, 1000, 26, 45800
InsertionSort, 1000, 27, 49300
InsertionSort, 1000, 28, 46400
InsertionSort, 1000, 29, 47400
InsertionSort, 1000, 30, 46600
InsertionSort, 1000, 31, 47300
InsertionSort, 1000, 32, 47500
InsertionSort, 1000, 33, 46600
InsertionSort, 1000, 34, 49600
InsertionSort, 1000, 35, 46500
InsertionSort, 1000, 36, 47600
InsertionSort, 1000, 37, 47800
InsertionSort, 1000, 38, 46800
InsertionSort, 1000, 39, 48300
InsertionSort, 1000, 40, 47400
InsertionSort, 1000, 41, 47500
InsertionSort, 1000, 42, 47600
InsertionSort, 1000, 43, 47200
InsertionSort, 1000, 44, 45600
InsertionSort, 1000, 45, 47200
InsertionSort, 1000, 46, 48800
InsertionSort, 1000, 47, 47200
InsertionSort, 1000, 48, 46200
InsertionSort, 1000, 49, 47300
InsertionSort, 1000, 50, 46000
InsertionSort, 1000, 51, 45700
InsertionSort, 1000, 52, 45200
InsertionSort, 1000, 53, 47100
InsertionSort, 1000, 54, 45800
InsertionSort, 1000, 55, 45500
InsertionSort, 1000, 56, 44000
InsertionSort, 1000, 57, 44100
InsertionSort, 1000, 58, 45600
InsertionSort, 1000, 59, 44300
InsertionSort, 1000, 60, 46100
InsertionSort, 1000, 61, 44100
InsertionSort, 1000, 62, 44700
InsertionSort, 1000, 63, 45400
InsertionSort, 1000, 64, 44000
InsertionSort, 1000, 65, 43600
InsertionSort, 1000, 66, 43700
InsertionSort, 1000, 67, 43500
InsertionSort, 1000, 68, 44700
InsertionSort, 1000, 69, 43700
InsertionSort, 1000, 70, 42700
InsertionSort, 1000, 71, 42800
InsertionSort, 1000, 72, 59500
InsertionSort, 1000, 73, 44000
InsertionSort, 1000, 74, 41600
InsertionSort, 1000, 75, 44300
InsertionSort, 1000, 76, 42200
InsertionSort, 1000, 77, 41100
InsertionSort, 1000, 78, 41400
InsertionSort, 1000, 79, 42500
InsertionSort, 1000, 80, 42700
InsertionSort, 1000, 81, 42000
InsertionSort, 1000, 82, 41800
InsertionSort, 1000, 83, 42000
InsertionSort, 1000, 84, 42300
InsertionSort, 1000, 85, 42400
InsertionSort, 1000, 86, 42000
InsertionSort, 1000, 87, 43000
InsertionSort, 1000, 88, 41500
InsertionSort, 1000, 89, 40800
InsertionSort, 1000, 90, 42300
InsertionSort, 1000, 91, 41100
InsertionSort, 1000, 92, 41600
InsertionSort, 1000, 93, 41700
InsertionSort, 1000, 94, 40000
InsertionSort, 1000, 95, 41800
InsertionSort, 1000, 96, 41900
InsertionSort, 1000, 97, 42100
InsertionSort, 1000, 98, 41900
InsertionSort, 1000, 99, 41200
InsertionSort, 1000, 100, 41600
InsertionSort, 1000, 101, 41600
InsertionSort, 1000, 102, 41600
InsertionSort, 1000, 103, 42700
InsertionSort, 1000, 104, 41900
InsertionSort, 1000, 105, 41700
InsertionSort, 1000, 106, 41600
InsertionSort, 1000, 107, 42100
InsertionSort, 1000, 108, 41900
InsertionSort, 1000, 109, 42500
InsertionSort, 1000, 110, 41700
InsertionSort, 1000, 111, 41600
InsertionSort, 1000, 112, 43300
InsertionSort, 1000, 113, 42100
InsertionSort, 1000, 114, 41400
InsertionSort, 1000, 115, 40700
InsertionSort, 1000, 116, 42700
InsertionSort, 1000, 117, 42400
InsertionSort, 1000, 118, 41300
InsertionSort, 1000, 119, 41200
InsertionSort, 1000, 120, 42400
InsertionSort, 1000, 121, 40900
InsertionSort, 1000, 122, 42500
InsertionSort, 1000, 123, 41400
InsertionSort, 1000, 124, 40600
InsertionSort, 1000, 125, 44800
InsertionSort, 1000, 126, 42100
InsertionSort, 1000, 127, 41700
InsertionSort, 1000, 128, 41100
InsertionSort, 1000, 129, 42200
InsertionSort, 1000, 130, 42500
InsertionSort, 1000, 131, 42800
InsertionSort, 1000, 132, 42200
InsertionSort, 1000, 133, 40600
InsertionSort, 1000, 134, 42600
InsertionSort, 1000, 135, 44900
InsertionSort, 1000, 136, 41700
InsertionSort, 1000, 137, 41900
InsertionSort, 1000, 138, 41800
InsertionSort, 1000, 139, 41600
InsertionSort, 1000, 140, 42200
InsertionSort, 1000, 141, 41600
InsertionSort, 1000, 142, 40300
InsertionSort, 1000, 143, 42200
InsertionSort, 1000, 144, 42300
InsertionSort, 1000, 145, 42300
InsertionSort, 1000, 146, 55800
InsertionSort, 1000, 147, 41700
InsertionSort, 1000, 148, 42400
InsertionSort, 1000, 149, 42000
InsertionSort, 1000, 150, 40700
InsertionSort, 1000, 151, 42100
InsertionSort, 1000, 152, 43200
InsertionSort, 1000, 153, 42600
InsertionSort, 1000, 154, 41600
InsertionSort, 1000, 155, 42600
InsertionSort, 1000, 156, 41800
InsertionSort, 1000, 157, 41500
InsertionSort, 1000, 158, 41400
InsertionSort, 1000, 159, 41700
InsertionSort, 1000, 160, 42100
InsertionSort, 1000, 161, 42700
InsertionSort, 1000, 162, 41600
InsertionSort, 1000, 163, 42300
InsertionSort, 1000, 164, 41800
InsertionSort, 1000, 165, 42200
InsertionSort, 1000, 166, 41900
InsertionSort, 1000, 167, 42000
InsertionSort, 1000, 168, 43300
InsertionSort, 1000, 169, 40700
InsertionSort, 1000, 170, 41800
InsertionSort, 1000, 171, 40800
InsertionSort, 1000, 172, 43100
InsertionSort, 1000, 173, 40900
InsertionSort, 1000, 174, 42000
InsertionSort, 1000, 175, 40600
InsertionSort, 1000, 176, 41500
InsertionSort, 1000, 177, 41100
InsertionSort, 1000, 178, 41300
InsertionSort, 1000, 179, 40900
InsertionSort, 1000, 180, 41100
InsertionSort, 1000, 181, 42000
InsertionSort, 1000, 182, 41700
InsertionSort, 1000, 183, 42500
InsertionSort, 1000, 184, 42200
InsertionSort, 1000, 185, 42500
InsertionSort, 1000, 186, 41600
InsertionSort, 1000, 187, 42600
InsertionSort, 1000, 188, 43000
InsertionSort, 1000, 189, 41700
InsertionSort, 1000, 190, 43500
InsertionSort, 1000, 191, 42000
InsertionSort, 1000, 192, 42500
InsertionSort, 1000, 193, 40800
InsertionSort, 1000, 194, 41600
InsertionSort, 1000, 195, 42200
InsertionSort, 1000, 196, 42600
InsertionSort, 1000, 197, 40400
InsertionSort, 1000, 198, 41100
InsertionSort, 1000, 199, 41400
InsertionSort, 1000, 200, 41000
InsertionSort, 1000, 201, 41800
InsertionSort, 1000, 202, 40200
InsertionSort, 1000, 203, 41100
InsertionSort, 1000, 204, 42300
InsertionSort, 1000, 205, 42800
InsertionSort, 1000, 206, 44800
InsertionSort, 1000, 207, 42100
InsertionSort, 1000, 208, 40400
InsertionSort, 1000, 209, 41800
InsertionSort, 1000, 210, 43100
InsertionSort, 1000, 211, 42000
InsertionSort, 1000, 212, 39900
InsertionSort, 1000, 213, 42100
InsertionSort, 1000, 214, 42800
InsertionSort, 1000, 215, 42200
InsertionSort, 1000, 216, 42200
InsertionSort, 1000, 217, 42000
InsertionSort, 1000, 218, 42700
InsertionSort, 1000, 219, 41100
InsertionSort, 1000, 220, 42200
InsertionSort, 1000, 221, 40400
InsertionSort, 1000, 222, 41500
InsertionSort, 1000, 223, 41000
InsertionSort, 1000, 224, 41700
InsertionSort, 1000, 225, 40600
InsertionSort, 1000, 226, 42800
InsertionSort, 1000, 227, 44700
InsertionSort, 1000, 228, 40500
InsertionSort, 1000, 229, 41100
InsertionSort, 1000, 230, 41700
InsertionSort, 1000, 231, 41900
InsertionSort, 1000, 232, 40900
InsertionSort, 1000, 233, 42800
InsertionSort, 1000, 234, 42100
InsertionSort, 1000, 235, 42000
InsertionSort, 1000, 236, 43500
InsertionSort, 1000, 237, 39700
InsertionSort, 1000, 238, 42300
InsertionSort, 1000, 239, 41300
InsertionSort, 1000, 240, 43000
InsertionSort, 1000, 241, 41400
InsertionSort, 1000, 242, 41200
InsertionSort, 1000, 243, 41500
InsertionSort, 1000, 244, 42500
InsertionSort, 1000, 245, 42600
InsertionSort, 1000, 246, 41200
InsertionSort, 1000, 247, 40600
InsertionSort, 1000, 248, 43000
InsertionSort, 1000, 249, 40900
InsertionSort, 1000, 250, 42100
InsertionSort, 1000, 251, 42300
InsertionSort, 1000, 252, 42200
InsertionSort, 1000, 253, 42200
InsertionSort, 1000, 254, 41000
InsertionSort, 1000, 255, 41300
InsertionSort, 1000, 256, 40900
InsertionSort, 1000, 257, 42400
InsertionSort, 1000, 258, 41200
InsertionSort, 1000, 259, 40800
InsertionSort, 1000, 260, 42400
InsertionSort, 1000, 261, 41200
InsertionSort, 1000, 262, 40400
InsertionSort, 1000, 263, 41300
InsertionSort, 1000, 264, 42200
InsertionSort, 1000, 265, 41900
InsertionSort, 1000, 266, 41400
InsertionSort, 1000, 267, 42100
InsertionSort, 1000, 268, 41200
InsertionSort, 1000, 269, 41300
InsertionSort, 1000, 270, 42000
InsertionSort, 1000, 271, 43000
InsertionSort, 1000, 272, 42300
InsertionSort, 1000, 273, 41400
InsertionSort, 1000, 274, 42300
InsertionSort, 1000, 275, 41400
InsertionSort, 1000, 276, 40700
InsertionSort, 1000, 277, 40600
InsertionSort, 1000, 278, 41800
InsertionSort, 1000, 279, 42800
InsertionSort, 1000, 280, 41600
InsertionSort, 1000, 281, 41700
InsertionSort, 1000, 282, 40800
InsertionSort, 1000, 283, 41300
InsertionSort, 1000, 284, 43500
InsertionSort, 1000, 285, 41000
InsertionSort, 1000, 286, 42700
InsertionSort, 1000, 287, 41900
InsertionSort, 1000, 288, 40800
InsertionSort, 1000, 289, 41600
InsertionSort, 1000, 290, 42700
InsertionSort, 1000, 291, 42500
InsertionSort, 1000, 292, 40900
InsertionSort, 1000, 293, 42200
InsertionSort, 1000, 294, 42000
InsertionSort, 1000, 295, 41000
InsertionSort, 1000, 296, 42100
InsertionSort, 1000, 297, 40700
InsertionSort, 1000, 298, 42200
InsertionSort, 1000, 299, 40900
InsertionSort, 1000, 300, 40800
InsertionSort, 1000, 301, 41500
InsertionSort, 1000, 302, 43500
InsertionSort, 1000, 303, 40800
InsertionSort, 1000, 304, 40900
InsertionSort, 1000, 305, 41800
InsertionSort, 1000, 306, 43100
InsertionSort, 1000, 307, 40100
InsertionSort, 1000, 308, 41900
InsertionSort, 1000, 309, 42200
InsertionSort, 1000, 310, 41300
InsertionSort, 1000, 311, 42200
InsertionSort, 1000, 312, 41400
InsertionSort, 1000, 313, 40500
InsertionSort, 1000, 314, 41500
InsertionSort, 1000, 315, 41800
InsertionSort, 1000, 316, 39900
InsertionSort, 1000, 317, 41800
InsertionSort, 1000, 318, 41600
InsertionSort, 1000, 319, 42300
InsertionSort, 1000, 320, 42000
InsertionSort, 1000, 321, 42500
InsertionSort, 1000, 322, 40900
InsertionSort, 1000, 323, 41900
InsertionSort, 1000, 324, 40700
InsertionSort, 1000, 325, 57400
InsertionSort, 1000, 326, 41600
InsertionSort, 1000, 327, 42000
InsertionSort, 1000, 328, 41000
InsertionSort, 1000, 329, 45200
InsertionSort, 1000, 330, 42700
InsertionSort, 1000, 331, 44000
InsertionSort, 1000, 332, 40700
InsertionSort, 1000, 333, 41900
InsertionSort, 1000, 334, 41300
InsertionSort, 1000, 335, 44300
InsertionSort, 1000, 336, 42600
InsertionSort, 1000, 337, 42100
InsertionSort, 1000, 338, 42300
InsertionSort, 1000, 339, 40900
InsertionSort, 1000, 340, 46100
InsertionSort, 1000, 341, 42000
InsertionSort, 1000, 342, 42000
InsertionSort, 1000, 343, 42200
InsertionSort, 1000, 344, 40700
InsertionSort, 1000, 345, 41500
InsertionSort, 1000, 346, 41000
InsertionSort, 1000, 347, 41300
InsertionSort, 1000, 348, 41900
InsertionSort, 1000, 349, 42600
InsertionSort, 1000, 350, 41900
InsertionSort, 1000, 351, 44400
InsertionSort, 1000, 352, 41500
InsertionSort, 1000, 353, 42000
InsertionSort, 1000, 354, 42300
InsertionSort, 1000, 355, 41400
InsertionSort, 1000, 356, 39800
InsertionSort, 1000, 357, 40800
InsertionSort, 1000, 358, 40800
InsertionSort, 1000, 359, 40900
InsertionSort, 1000, 360, 43500
InsertionSort, 1000, 361, 42400
InsertionSort, 1000, 362, 40800
InsertionSort, 1000, 363, 40100
InsertionSort, 1000, 364, 59400
InsertionSort, 1000, 365, 41600
InsertionSort, 1000, 366, 41200
InsertionSort, 1000, 367, 41100
InsertionSort, 1000, 368, 42100
InsertionSort, 1000, 369, 41800
InsertionSort, 1000, 370, 42300
InsertionSort, 1000, 371, 42500
InsertionSort, 1000, 372, 41900
InsertionSort, 1000, 373, 41300
InsertionSort, 1000, 374, 41800
InsertionSort, 1000, 375, 40600
InsertionSort, 1000, 376, 42100
InsertionSort, 1000, 377, 40900
InsertionSort, 1000, 378, 42000
InsertionSort, 1000, 379, 42000
InsertionSort, 1000, 380, 42300
InsertionSort, 1000, 381, 41300
InsertionSort, 1000, 382, 42000
InsertionSort, 1000, 383, 42100
InsertionSort, 1000, 384, 43100
InsertionSort, 1000, 385, 43800
InsertionSort, 1000, 386, 40700
InsertionSort, 1000, 387, 42900
InsertionSort, 1000, 388, 42200
InsertionSort, 1000, 389, 41600
InsertionSort, 1000, 390, 40200
InsertionSort, 1000, 391, 40900
InsertionSort, 1000, 392, 40800
InsertionSort, 1000, 393, 42600
InsertionSort, 1000, 394, 43500
InsertionSort, 1000, 395, 41300
InsertionSort, 1000, 396, 42000
InsertionSort, 1000, 397, 41000
InsertionSort, 1000, 398, 42000
InsertionSort, 1000, 399, 41800
InsertionSort, 1000, 400, 41300
InsertionSort, 1000, 401, 42900
InsertionSort, 1000, 402, 41200
InsertionSort, 1000, 403, 42200
InsertionSort, 1000, 404, 40900
InsertionSort, 1000, 405, 43700
InsertionSort, 1000, 406, 40800
InsertionSort, 1000, 407, 40600
InsertionSort, 1000, 408, 41300
InsertionSort, 1000, 409, 41800
InsertionSort, 1000, 410, 41000
InsertionSort, 1000, 411, 41500
InsertionSort, 1000, 412, 40900
InsertionSort, 1000, 413, 42200
InsertionSort, 1000, 414, 41700
InsertionSort, 1000, 415, 40800
InsertionSort, 1000, 416, 43700
InsertionSort, 1000, 417, 40600
InsertionSort, 1000, 418, 41500
InsertionSort, 1000, 419, 41300
InsertionSort, 1000, 420, 40700
InsertionSort, 1000, 421, 40900
InsertionSort, 1000, 422, 41800
InsertionSort, 1000, 423, 41200
InsertionSort, 1000, 424, 42100
InsertionSort, 1000, 425, 40800
InsertionSort, 1000, 426, 40800
InsertionSort, 1000, 427, 42000
InsertionSort, 1000, 428, 40600
InsertionSort, 1000, 429, 42300
InsertionSort, 1000, 430, 41200
InsertionSort, 1000, 431, 41100
InsertionSort, 1000, 432, 41500
InsertionSort, 1000, 433, 41800
InsertionSort, 1000, 434, 41500
InsertionSort, 1000, 435, 42100
InsertionSort, 1000, 436, 40500
InsertionSort, 1000, 437, 41100
InsertionSort, 1000, 438, 42000
InsertionSort, 1000, 439, 42000
InsertionSort, 1000, 440, 42900
InsertionSort, 1000, 441, 41800
InsertionSort, 1000, 442, 40000
InsertionSort, 1000, 443, 42000
InsertionSort, 1000, 444, 42700
InsertionSort, 1000, 445, 42200
InsertionSort, 1000, 446, 42000
InsertionSort, 1000, 447, 42000
InsertionSort, 1000, 448, 40700
InsertionSort, 1000, 449, 41900
InsertionSort, 1000, 450, 42700
InsertionSort, 1000, 451, 40800
InsertionSort, 1000, 452, 42800
InsertionSort, 1000, 453, 42000
InsertionSort, 1000, 454, 41400
InsertionSort, 1000, 455, 41600
InsertionSort, 1000, 456, 41400
InsertionSort, 1000, 457, 42500
InsertionSort, 1000, 458, 41000
InsertionSort, 1000, 459, 41600
InsertionSort, 1000, 460, 41700
InsertionSort, 1000, 461, 41000
InsertionSort, 1000, 462, 41200
InsertionSort, 1000, 463, 42800
InsertionSort, 1000, 464, 41500
InsertionSort, 1000, 465, 42000
InsertionSort, 1000, 466, 41200
InsertionSort, 1000, 467, 41600
InsertionSort, 1000, 468, 41700
InsertionSort, 1000, 469, 41900
InsertionSort, 1000, 470, 41900
InsertionSort, 1000, 471, 42100
InsertionSort, 1000, 472, 41800
InsertionSort, 1000, 473, 40800
InsertionSort, 1000, 474, 42900
InsertionSort, 1000, 475, 41400
InsertionSort, 1000, 476, 40600
InsertionSort, 1000, 477, 41300
InsertionSort, 1000, 478, 41000
InsertionSort, 1000, 479, 41600
InsertionSort, 1000, 480, 41300
InsertionSort, 1000, 481, 42400
InsertionSort, 1000, 482, 41000
InsertionSort, 1000, 483, 43200
InsertionSort, 1000, 484, 41900
InsertionSort, 1000, 485, 40900
InsertionSort, 1000, 486, 41400
InsertionSort, 1000, 487, 42300
InsertionSort, 1000, 488, 43000
InsertionSort, 1000, 489, 40500
InsertionSort, 1000, 490, 41900
InsertionSort, 1000, 491, 41200
InsertionSort, 1000, 492, 41500
InsertionSort, 1000, 493, 40800
InsertionSort, 1000, 494, 42800
InsertionSort, 1000, 495, 42300
InsertionSort, 1000, 496, 41400
InsertionSort, 1000, 497, 41500
InsertionSort, 1000, 498, 41600
InsertionSort, 1000, 499, 41200
InsertionSort, 1000, 500, 40800
InsertionSort, 1000, 501, 41600
InsertionSort, 1000, 502, 41200
InsertionSort, 1000, 503, 41100
InsertionSort, 1000, 504, 41100
InsertionSort, 1000, 505, 41500
InsertionSort, 1000, 506, 41200
InsertionSort, 1000, 507, 42500
InsertionSort, 1000, 508, 41700
InsertionSort, 1000, 509, 42200
InsertionSort, 1000, 510, 41900
InsertionSort, 1000, 511, 41400
InsertionSort, 1000, 512, 42300
InsertionSort, 1000, 513, 42500
InsertionSort, 1000, 514, 42200
InsertionSort, 1000, 515, 42700
InsertionSort, 1000, 516, 41500
InsertionSort, 1000, 517, 41100
InsertionSort, 1000, 518, 40700
InsertionSort, 1000, 519, 42700
InsertionSort, 1000, 520, 42300
InsertionSort, 1000, 521, 41900
InsertionSort, 1000, 522, 41700
InsertionSort, 1000, 523, 41500
InsertionSort, 1000, 524, 41100
InsertionSort, 1000, 525, 43400
InsertionSort, 1000, 526, 41100
InsertionSort, 1000, 527, 40200
InsertionSort, 1000, 528, 43000
InsertionSort, 1000, 529, 41700
InsertionSort, 1000, 530, 42800
InsertionSort, 1000, 531, 41100
InsertionSort, 1000, 532, 41000
InsertionSort, 1000, 533, 41800
InsertionSort, 1000, 534, 41200
InsertionSort, 1000, 535, 40900
InsertionSort, 1000, 536, 42300
InsertionSort, 1000, 537, 43100
InsertionSort, 1000, 538, 41900
InsertionSort, 1000, 539, 41100
InsertionSort, 1000, 540, 41600
InsertionSort, 1000, 541, 41100
InsertionSort, 1000, 542, 42300
InsertionSort, 1000, 543, 41500
InsertionSort, 1000, 544, 39600
InsertionSort, 1000, 545, 42000
InsertionSort, 1000, 546, 41200
InsertionSort, 1000, 547, 41700
InsertionSort, 1000, 548, 40400
InsertionSort, 1000, 549, 41300
InsertionSort, 1000, 550, 42200
InsertionSort, 1000, 551, 42700
InsertionSort, 1000, 552, 42200
InsertionSort, 1000, 553, 40500
InsertionSort, 1000, 554, 41700
InsertionSort, 1000, 555, 40300
InsertionSort, 1000, 556, 41800
InsertionSort, 1000, 557, 40100
InsertionSort, 1000, 558, 41200
InsertionSort, 1000, 559, 42300
InsertionSort, 1000, 560, 42300
InsertionSort, 1000, 561, 41400
InsertionSort, 1000, 562, 41600
InsertionSort, 1000, 563, 42200
InsertionSort, 1000, 564, 42200
InsertionSort, 1000, 565, 41700
InsertionSort, 1000, 566, 40300
InsertionSort, 1000, 567, 41200
InsertionSort, 1000, 568, 42100
InsertionSort, 1000, 569, 41200
InsertionSort, 1000, 570, 41800
InsertionSort, 1000, 571, 42000
InsertionSort, 1000, 572, 42500
InsertionSort, 1000, 573, 41600
InsertionSort, 1000, 574, 42900
InsertionSort, 1000, 575, 42600
InsertionSort, 1000, 576, 41700
InsertionSort, 1000, 577, 42100
InsertionSort, 1000, 578, 41400
InsertionSort, 1000, 579, 42000
InsertionSort, 1000, 580, 40300
InsertionSort, 1000, 581, 41500
InsertionSort, 1000, 582, 42700
InsertionSort, 1000, 583, 41900
InsertionSort, 1000, 584, 41900
InsertionSort, 1000, 585, 42900
InsertionSort, 1000, 586, 40600
InsertionSort, 1000, 587, 40400
InsertionSort, 1000, 588, 41300
InsertionSort, 1000, 589, 40900
InsertionSort, 1000, 590, 41800
InsertionSort, 1000, 591, 42400
InsertionSort, 1000, 592, 42300
InsertionSort, 1000, 593, 41300
InsertionSort, 1000, 594, 41900
InsertionSort, 1000, 595, 40200
InsertionSort, 1000, 596, 40500
InsertionSort, 1000, 597, 41300
InsertionSort, 1000, 598, 41800
InsertionSort, 1000, 599, 42100
InsertionSort, 1000, 600, 41100
InsertionSort, 1000, 601, 42400
InsertionSort, 1000, 602, 52200
InsertionSort, 1000, 603, 41400
InsertionSort, 1000, 604, 41000
InsertionSort, 1000, 605, 41100
InsertionSort, 1000, 606, 41300
InsertionSort, 1000, 607, 41200
InsertionSort, 1000, 608, 41200
InsertionSort, 1000, 609, 40100
InsertionSort, 1000, 610, 42400
InsertionSort, 1000, 611, 42100
InsertionSort, 1000, 612, 42700
InsertionSort, 1000, 613, 42300
InsertionSort, 1000, 614, 41700
InsertionSort, 1000, 615, 41400
InsertionSort, 1000, 616, 41000
InsertionSort, 1000, 617, 40400
InsertionSort, 1000, 618, 41500
InsertionSort, 1000, 619, 40400
InsertionSort, 1000, 620, 41700
InsertionSort, 1000, 621, 41100
InsertionSort, 1000, 622, 41800
InsertionSort, 1000, 623, 41300
InsertionSort, 1000, 624, 41100
InsertionSort, 1000, 625, 40500
InsertionSort, 1000, 626, 43200
InsertionSort, 1000, 627, 39900
InsertionSort, 1000, 628, 41100
InsertionSort, 1000, 629, 41900
InsertionSort, 1000, 630, 43600
InsertionSort, 1000, 631, 41000
InsertionSort, 1000, 632, 42200
InsertionSort, 1000, 633, 41500
InsertionSort, 1000, 634, 40900
InsertionSort, 1000, 635, 41300
InsertionSort, 1000, 636, 41900
InsertionSort, 1000, 637, 40700
InsertionSort, 1000, 638, 42100
InsertionSort, 1000, 639, 41200
InsertionSort, 1000, 640, 41100
InsertionSort, 1000, 641, 41300
InsertionSort, 1000, 642, 41000
InsertionSort, 1000, 643, 43000
InsertionSort, 1000, 644, 40700
InsertionSort, 1000, 645, 42900
InsertionSort, 1000, 646, 40600
InsertionSort, 1000, 647, 41300
InsertionSort, 1000, 648, 40900
InsertionSort, 1000, 649, 42400
InsertionSort, 1000, 650, 41200
InsertionSort, 1000, 651, 41000
InsertionSort, 1000, 652, 41900
InsertionSort, 1000, 653, 40300
InsertionSort, 1000, 654, 42200
InsertionSort, 1000, 655, 41500
InsertionSort, 1000, 656, 41900
InsertionSort, 1000, 657, 41300
InsertionSort, 1000, 658, 41000
InsertionSort, 1000, 659, 42100
InsertionSort, 1000, 660, 39900
InsertionSort, 1000, 661, 43000
InsertionSort, 1000, 662, 41000
InsertionSort, 1000, 663, 40500
InsertionSort, 1000, 664, 42100
InsertionSort, 1000, 665, 41700
InsertionSort, 1000, 666, 41000
InsertionSort, 1000, 667, 43300
InsertionSort, 1000, 668, 40900
InsertionSort, 1000, 669, 42700
InsertionSort, 1000, 670, 41000
InsertionSort, 1000, 671, 41400
InsertionSort, 1000, 672, 41800
InsertionSort, 1000, 673, 42800
InsertionSort, 1000, 674, 41300
InsertionSort, 1000, 675, 40500
InsertionSort, 1000, 676, 41700
InsertionSort, 1000, 677, 42200
InsertionSort, 1000, 678, 41500
InsertionSort, 1000, 679, 42000
InsertionSort, 1000, 680, 41900
InsertionSort, 1000, 681, 40200
InsertionSort, 1000, 682, 60800
InsertionSort, 1000, 683, 51100
InsertionSort, 1000, 684, 42000
InsertionSort, 1000, 685, 41900
InsertionSort, 1000, 686, 41600
InsertionSort, 1000, 687, 41700
InsertionSort, 1000, 688, 41200
InsertionSort, 1000, 689, 41500
InsertionSort, 1000, 690, 41700
InsertionSort, 1000, 691, 40400
InsertionSort, 1000, 692, 42400
InsertionSort, 1000, 693, 42300
InsertionSort, 1000, 694, 41100
InsertionSort, 1000, 695, 41100
InsertionSort, 1000, 696, 40800
InsertionSort, 1000, 697, 40900
InsertionSort, 1000, 698, 42100
InsertionSort, 1000, 699, 42100
InsertionSort, 1000, 700, 42000
InsertionSort, 1000, 701, 39900
InsertionSort, 1000, 702, 42400
InsertionSort, 1000, 703, 41800
InsertionSort, 1000, 704, 41700
InsertionSort, 1000, 705, 42100
InsertionSort, 1000, 706, 41300
InsertionSort, 1000, 707, 41100
InsertionSort, 1000, 708, 40500
InsertionSort, 1000, 709, 41600
InsertionSort, 1000, 710, 41900
InsertionSort, 1000, 711, 41400
InsertionSort, 1000, 712, 40900
InsertionSort, 1000, 713, 40400
InsertionSort, 1000, 714, 42300
InsertionSort, 1000, 715, 41100
InsertionSort, 1000, 716, 41600
InsertionSort, 1000, 717, 40100
InsertionSort, 1000, 718, 40400
InsertionSort, 1000, 719, 42500
InsertionSort, 1000, 720, 41800
InsertionSort, 1000, 721, 42500
InsertionSort, 1000, 722, 41400
InsertionSort, 1000, 723, 41400
InsertionSort, 1000, 724, 42200
InsertionSort, 1000, 725, 41000
InsertionSort, 1000, 726, 44000
InsertionSort, 1000, 727, 42200
InsertionSort, 1000, 728, 40900
InsertionSort, 1000, 729, 41500
InsertionSort, 1000, 730, 41300
InsertionSort, 1000, 731, 42200
InsertionSort, 1000, 732, 41500
InsertionSort, 1000, 733, 40900
InsertionSort, 1000, 734, 41500
InsertionSort, 1000, 735, 40400
InsertionSort, 1000, 736, 43000
InsertionSort, 1000, 737, 41600
InsertionSort, 1000, 738, 40400
InsertionSort, 1000, 739, 41700
InsertionSort, 1000, 740, 41300
InsertionSort, 1000, 741, 42300
InsertionSort, 1000, 742, 41800
InsertionSort, 1000, 743, 41400
InsertionSort, 1000, 744, 40700
InsertionSort, 1000, 745, 42100
InsertionSort, 1000, 746, 42000
InsertionSort, 1000, 747, 41300
InsertionSort, 1000, 748, 41900
InsertionSort, 1000, 749, 41600
InsertionSort, 1000, 750, 41900
InsertionSort, 1000, 751, 40700
InsertionSort, 1000, 752, 41700
InsertionSort, 1000, 753, 42100
InsertionSort, 1000, 754, 42400
InsertionSort, 1000, 755, 41500
InsertionSort, 1000, 756, 42700
InsertionSort, 1000, 757, 42800
InsertionSort, 1000, 758, 41700
InsertionSort, 1000, 759, 42600
InsertionSort, 1000, 760, 41300
InsertionSort, 1000, 761, 41700
InsertionSort, 1000, 762, 41000
InsertionSort, 1000, 763, 40400
InsertionSort, 1000, 764, 41200
InsertionSort, 1000, 765, 41900
InsertionSort, 1000, 766, 41700
InsertionSort, 1000, 767, 40900
InsertionSort, 1000, 768, 42000
InsertionSort, 1000, 769, 42200
InsertionSort, 1000, 770, 41900
InsertionSort, 1000, 771, 40600
InsertionSort, 1000, 772, 43300
InsertionSort, 1000, 773, 42000
InsertionSort, 1000, 774, 42300
InsertionSort, 1000, 775, 41600
InsertionSort, 1000, 776, 41200
InsertionSort, 1000, 777, 42400
InsertionSort, 1000, 778, 69300
InsertionSort, 1000, 779, 65000
InsertionSort, 1000, 780, 41200
InsertionSort, 1000, 781, 40800
InsertionSort, 1000, 782, 42000
InsertionSort, 1000, 783, 42700
InsertionSort, 1000, 784, 42100
InsertionSort, 1000, 785, 42900
InsertionSort, 1000, 786, 42600
InsertionSort, 1000, 787, 41800
InsertionSort, 1000, 788, 41500
InsertionSort, 1000, 789, 41800
InsertionSort, 1000, 790, 42800
InsertionSort, 1000, 791, 42600
InsertionSort, 1000, 792, 41100
InsertionSort, 1000, 793, 43000
InsertionSort, 1000, 794, 41100
InsertionSort, 1000, 795, 41200
InsertionSort, 1000, 796, 41900
InsertionSort, 1000, 797, 42300
InsertionSort, 1000, 798, 42900
InsertionSort, 1000, 799, 40400
InsertionSort, 1000, 800, 42700
InsertionSort, 1000, 801, 41800
InsertionSort, 1000, 802, 42800
InsertionSort, 1000, 803, 42400
InsertionSort, 1000, 804, 42100
InsertionSort, 1000, 805, 42600
InsertionSort, 1000, 806, 41500
InsertionSort, 1000, 807, 41000
InsertionSort, 1000, 808, 41300
InsertionSort, 1000, 809, 41600
InsertionSort, 1000, 810, 41800
InsertionSort, 1000, 811, 41900
InsertionSort, 1000, 812, 42600
InsertionSort, 1000, 813, 42400
InsertionSort, 1000, 814, 41600
InsertionSort, 1000, 815, 41100
InsertionSort, 1000, 816, 41800
InsertionSort, 1000, 817, 41800
InsertionSort, 1000, 818, 42600
InsertionSort, 1000, 819, 42600
InsertionSort, 1000, 820, 41500
InsertionSort, 1000, 821, 42600
InsertionSort, 1000, 822, 41200
InsertionSort, 1000, 823, 41000
InsertionSort, 1000, 824, 41100
InsertionSort, 1000, 825, 41500
InsertionSort, 1000, 826, 41600
InsertionSort, 1000, 827, 41900
InsertionSort, 1000, 828, 41500
InsertionSort, 1000, 829, 42600
InsertionSort, 1000, 830, 40600
InsertionSort, 1000, 831, 40300
InsertionSort, 1000, 832, 41300
InsertionSort, 1000, 833, 42100
InsertionSort, 1000, 834, 42900
InsertionSort, 1000, 835, 40800
InsertionSort, 1000, 836, 40700
InsertionSort, 1000, 837, 40900
InsertionSort, 1000, 838, 41600
InsertionSort, 1000, 839, 40600
InsertionSort, 1000, 840, 41000
InsertionSort, 1000, 841, 41000
InsertionSort, 1000, 842, 41800
InsertionSort, 1000, 843, 43000
InsertionSort, 1000, 844, 41800
InsertionSort, 1000, 845, 42400
InsertionSort, 1000, 846, 42200
InsertionSort, 1000, 847, 42900
InsertionSort, 1000, 848, 41200
InsertionSort, 1000, 849, 42400
InsertionSort, 1000, 850, 41900
InsertionSort, 1000, 851, 41200
InsertionSort, 1000, 852, 41300
InsertionSort, 1000, 853, 41400
InsertionSort, 1000, 854, 41100
InsertionSort, 1000, 855, 42200
InsertionSort, 1000, 856, 41200
InsertionSort, 1000, 857, 41600
InsertionSort, 1000, 858, 42200
InsertionSort, 1000, 859, 41500
InsertionSort, 1000, 860, 41200
InsertionSort, 1000, 861, 41500
InsertionSort, 1000, 862, 42200
InsertionSort, 1000, 863, 41500
InsertionSort, 1000, 864, 41400
InsertionSort, 1000, 865, 42300
InsertionSort, 1000, 866, 41900
InsertionSort, 1000, 867, 41800
InsertionSort, 1000, 868, 42200
InsertionSort, 1000, 869, 42500
InsertionSort, 1000, 870, 40800
InsertionSort, 1000, 871, 40400
InsertionSort, 1000, 872, 42500
InsertionSort, 1000, 873, 44700
InsertionSort, 1000, 874, 41400
InsertionSort, 1000, 875, 42000
InsertionSort, 1000, 876, 41800
InsertionSort, 1000, 877, 41900
InsertionSort, 1000, 878, 40900
InsertionSort, 1000, 879, 41400
InsertionSort, 1000, 880, 41100
InsertionSort, 1000, 881, 42700
InsertionSort, 1000, 882, 41300
InsertionSort, 1000, 883, 40300
InsertionSort, 1000, 884, 42400
InsertionSort, 1000, 885, 41700
InsertionSort, 1000, 886, 42400
InsertionSort, 1000, 887, 42300
InsertionSort, 1000, 888, 42100
InsertionSort, 1000, 889, 41000
InsertionSort, 1000, 890, 42000
InsertionSort, 1000, 891, 42700
InsertionSort, 1000, 892, 40600
InsertionSort, 1000, 893, 40800
InsertionSort, 1000, 894, 40600
InsertionSort, 1000, 895, 41900
InsertionSort, 1000, 896, 41100
InsertionSort, 1000, 897, 41000
InsertionSort, 1000, 898, 42800
InsertionSort, 1000, 899, 40500
InsertionSort, 1000, 900, 41200
InsertionSort, 1000, 901, 41600
InsertionSort, 1000, 902, 43300
InsertionSort, 1000, 903, 41700
InsertionSort, 1000, 904, 41100
InsertionSort, 1000, 905, 40500
InsertionSort, 1000, 906, 41400
InsertionSort, 1000, 907, 41500
InsertionSort, 1000, 908, 42400
InsertionSort, 1000, 909, 39500
InsertionSort, 1000, 910, 41600
InsertionSort, 1000, 911, 41300
InsertionSort, 1000, 912, 40500
InsertionSort, 1000, 913, 41700
InsertionSort, 1000, 914, 41000
InsertionSort, 1000, 915, 39700
InsertionSort, 1000, 916, 41700
InsertionSort, 1000, 917, 42000
InsertionSort, 1000, 918, 42000
InsertionSort, 1000, 919, 41300
InsertionSort, 1000, 920, 41700
InsertionSort, 1000, 921, 40800
InsertionSort, 1000, 922, 40500
InsertionSort, 1000, 923, 41600
InsertionSort, 1000, 924, 42100
InsertionSort, 1000, 925, 43200
InsertionSort, 1000, 926, 42000
InsertionSort, 1000, 927, 41100
InsertionSort, 1000, 928, 41800
InsertionSort, 1000, 929, 41800
InsertionSort, 1000, 930, 42100
InsertionSort, 1000, 931, 41500
InsertionSort, 1000, 932, 42400
InsertionSort, 1000, 933, 43600
InsertionSort, 1000, 934, 40400
InsertionSort, 1000, 935, 40500
InsertionSort, 1000, 936, 41300
InsertionSort, 1000, 937, 41700
InsertionSort, 1000, 938, 43700
InsertionSort, 1000, 939, 40500
InsertionSort, 1000, 940, 41400
InsertionSort, 1000, 941, 41100
InsertionSort, 1000, 942, 41100
InsertionSort, 1000, 943, 41200
InsertionSort, 1000, 944, 42500
InsertionSort, 1000, 945, 42000
InsertionSort, 1000, 946, 41400
InsertionSort, 1000, 947, 40500
InsertionSort, 1000, 948, 42100
InsertionSort, 1000, 949, 41300
InsertionSort, 1000, 950, 42300
InsertionSort, 1000, 951, 40900
InsertionSort, 1000, 952, 41100
InsertionSort, 1000, 953, 41800
InsertionSort, 1000, 954, 41100
InsertionSort, 1000, 955, 39800
InsertionSort, 1000, 956, 41100
InsertionSort, 1000, 957, 42400
InsertionSort, 1000, 958, 41200
InsertionSort, 1000, 959, 41600
InsertionSort, 1000, 960, 41100
InsertionSort, 1000, 961, 41900
InsertionSort, 1000, 962, 42200
InsertionSort, 1000, 963, 42100
InsertionSort, 1000, 964, 40800
InsertionSort, 1000, 965, 41200
InsertionSort, 1000, 966, 41100
InsertionSort, 1000, 967, 41200
InsertionSort, 1000, 968, 40800
InsertionSort, 1000, 969, 41500
InsertionSort, 1000, 970, 41700
InsertionSort, 1000, 971, 42800
InsertionSort, 1000, 972, 42400
InsertionSort, 1000, 973, 41600
InsertionSort, 1000, 974, 42200
InsertionSort, 1000, 975, 42200
InsertionSort, 1000, 976, 41600
InsertionSort, 1000, 977, 42400
InsertionSort, 1000, 978, 40600
InsertionSort, 1000, 979, 43500
InsertionSort, 1000, 980, 42200
InsertionSort, 1000, 981, 41200
InsertionSort, 1000, 982, 42200
InsertionSort, 1000, 983, 41200
InsertionSort, 1000, 984, 41000
InsertionSort, 1000, 985, 42600
InsertionSort, 1000, 986, 40700
InsertionSort, 1000, 987, 43200
InsertionSort, 1000, 988, 42400
InsertionSort, 1000, 989, 42600
InsertionSort, 1000, 990, 41600
InsertionSort, 1000, 991, 41300
InsertionSort, 1000, 992, 41500
InsertionSort, 1000, 993, 43900
InsertionSort, 1000, 994, 42100
InsertionSort, 1000, 995, 41500
InsertionSort, 1000, 996, 42900
InsertionSort, 1000, 997, 41100
InsertionSort, 1000, 998, 42100
InsertionSort, 1000, 999, 42900
InsertionSort, 1000, 1000, 42600
SelectionSort, 1000, 1, 183500
SelectionSort, 1000, 2, 175100
SelectionSort, 1000, 3, 173400
SelectionSort, 1000, 4, 172900
SelectionSort, 1000, 5, 171200
SelectionSort, 1000, 6, 170200
SelectionSort, 1000, 7, 171300
SelectionSort, 1000, 8, 172500
SelectionSort, 1000, 9, 177800
SelectionSort, 1000, 10, 168400
SelectionSort, 1000, 11, 169800
SelectionSort, 1000, 12, 170000
SelectionSort, 1000, 13, 170100
SelectionSort, 1000, 14, 170300
SelectionSort, 1000, 15, 169700
SelectionSort, 1000, 16, 169300
SelectionSort, 1000, 17, 194200
SelectionSort, 1000, 18, 171300
SelectionSort, 1000, 19, 168800
SelectionSort, 1000, 20, 169000
SelectionSort, 1000, 21, 169700
SelectionSort, 1000, 22, 168200
SelectionSort, 1000, 23, 169900
SelectionSort, 1000, 24, 167800
SelectionSort, 1000, 25, 172400
SelectionSort, 1000, 26, 169400
SelectionSort, 1000, 27, 169700
SelectionSort, 1000, 28, 168200
SelectionSort, 1000, 29, 169400
SelectionSort, 1000, 30, 168700
SelectionSort, 1000, 31, 169500
SelectionSort, 1000, 32, 168900
SelectionSort, 1000, 33, 167800
SelectionSort, 1000, 34, 168300
SelectionSort, 1000, 35, 167800
SelectionSort, 1000, 36, 169600
SelectionSort, 1000, 37, 184900
SelectionSort, 1000, 38, 169300
SelectionSort, 1000, 39, 168800
SelectionSort, 1000, 40, 167200
SelectionSort, 1000, 41, 170000
SelectionSort, 1000, 42, 167900
SelectionSort, 1000, 43, 168300
SelectionSort, 1000, 44, 167000
SelectionSort, 1000, 45, 166400
SelectionSort, 1000, 46, 166200
SelectionSort, 1000, 47, 166800
SelectionSort, 1000, 48, 167100
SelectionSort, 1000, 49, 167800
SelectionSort, 1000, 50, 164200
SelectionSort, 1000, 51, 163600
SelectionSort, 1000, 52, 163000
SelectionSort, 1000, 53, 164800
SelectionSort, 1000, 54, 162500
SelectionSort, 1000, 55, 162100
SelectionSort, 1000, 56, 162100
SelectionSort, 1000, 57, 161800
SelectionSort, 1000, 58, 162700
SelectionSort, 1000, 59, 159800
SelectionSort, 1000, 60, 160800
SelectionSort, 1000, 61, 159200
SelectionSort, 1000, 62, 159800
SelectionSort, 1000, 63, 157600
SelectionSort, 1000, 64, 156500
SelectionSort, 1000, 65, 156900
SelectionSort, 1000, 66, 157600
SelectionSort, 1000, 67, 157300
SelectionSort, 1000, 68, 156000
SelectionSort, 1000, 69, 155700
SelectionSort, 1000, 70, 154600
SelectionSort, 1000, 71, 154400
SelectionSort, 1000, 72, 156500
SelectionSort, 1000, 73, 154000
SelectionSort, 1000, 74, 152400
SelectionSort, 1000, 75, 154700
SelectionSort, 1000, 76, 153100
SelectionSort, 1000, 77, 156100
SelectionSort, 1000, 78, 150400
SelectionSort, 1000, 79, 149900
SelectionSort, 1000, 80, 150800
SelectionSort, 1000, 81, 150100
SelectionSort, 1000, 82, 149600
SelectionSort, 1000, 83, 149500
SelectionSort, 1000, 84, 150100
SelectionSort, 1000, 85, 149600
SelectionSort, 1000, 86, 148900
SelectionSort, 1000, 87, 151500
SelectionSort, 1000, 88, 149600
SelectionSort, 1000, 89, 149400
SelectionSort, 1000, 90, 149800
SelectionSort, 1000, 91, 150600
SelectionSort, 1000, 92, 149600
SelectionSort, 1000, 93, 149600
SelectionSort, 1000, 94, 150600
SelectionSort, 1000, 95, 149700
SelectionSort, 1000, 96, 148900
SelectionSort, 1000, 97, 151100
SelectionSort, 1000, 98, 149000
SelectionSort, 1000, 99, 149000
SelectionSort, 1000, 100, 150000
SelectionSort, 1000, 101, 149200
SelectionSort, 1000, 102, 148700
SelectionSort, 1000, 103, 149500
SelectionSort, 1000, 104, 148900
SelectionSort, 1000, 105, 150100
SelectionSort, 1000, 106, 163100
SelectionSort, 1000, 107, 152000
SelectionSort, 1000, 108, 149000
SelectionSort, 1000, 109, 149100
SelectionSort, 1000, 110, 149600
SelectionSort, 1000, 111, 149500
SelectionSort, 1000, 112, 149800
SelectionSort, 1000, 113, 149400
SelectionSort, 1000, 114, 148700
SelectionSort, 1000, 115, 149200
SelectionSort, 1000, 116, 149600
SelectionSort, 1000, 117, 149000
SelectionSort, 1000, 118, 149000
SelectionSort, 1000, 119, 148400
SelectionSort, 1000, 120, 147900
SelectionSort, 1000, 121, 149100
SelectionSort, 1000, 122, 148400
SelectionSort, 1000, 123, 148100
SelectionSort, 1000, 124, 148800
SelectionSort, 1000, 125, 149000
SelectionSort, 1000, 126, 148700
SelectionSort, 1000, 127, 149200
SelectionSort, 1000, 128, 148400
SelectionSort, 1000, 129, 148700
SelectionSort, 1000, 130, 149400
SelectionSort, 1000, 131, 149300
SelectionSort, 1000, 132, 150000
SelectionSort, 1000, 133, 149300
SelectionSort, 1000, 134, 148700
SelectionSort, 1000, 135, 148700
SelectionSort, 1000, 136, 150600
SelectionSort, 1000, 137, 148300
SelectionSort, 1000, 138, 149000
SelectionSort, 1000, 139, 150100
SelectionSort, 1000, 140, 148600
SelectionSort, 1000, 141, 149000
SelectionSort, 1000, 142, 150900
SelectionSort, 1000, 143, 152600
SelectionSort, 1000, 144, 149000
SelectionSort, 1000, 145, 150400
SelectionSort, 1000, 146, 131900
SelectionSort, 1000, 147, 129100
SelectionSort, 1000, 148, 128700
SelectionSort, 1000, 149, 127400
SelectionSort, 1000, 150, 127600
SelectionSort, 1000, 151, 127700
SelectionSort, 1000, 152, 128000
SelectionSort, 1000, 153, 126600
SelectionSort, 1000, 154, 132200
SelectionSort, 1000, 155, 127800
SelectionSort, 1000, 156, 127200
SelectionSort, 1000, 157, 127300
SelectionSort, 1000, 158, 168500
SelectionSort, 1000, 159, 169600
SelectionSort, 1000, 160, 169700
SelectionSort, 1000, 161, 171400
SelectionSort, 1000, 162, 170300
SelectionSort, 1000, 163, 170700
SelectionSort, 1000, 164, 131400
SelectionSort, 1000, 165, 130100
SelectionSort, 1000, 166, 130200
SelectionSort, 1000, 167, 129500
SelectionSort, 1000, 168, 129800
SelectionSort, 1000, 169, 129400
SelectionSort, 1000, 170, 129900
SelectionSort, 1000, 171, 127900
SelectionSort, 1000, 172, 128500
SelectionSort, 1000, 173, 128900
SelectionSort, 1000, 174, 129000
SelectionSort, 1000, 175, 130700
SelectionSort, 1000, 176, 128300
SelectionSort, 1000, 177, 129000
SelectionSort, 1000, 178, 130100
SelectionSort, 1000, 179, 128100
SelectionSort, 1000, 180, 128100
SelectionSort, 1000, 181, 129300
SelectionSort, 1000, 182, 128400
SelectionSort, 1000, 183, 127900
SelectionSort, 1000, 184, 127600
SelectionSort, 1000, 185, 133800
SelectionSort, 1000, 186, 129900
SelectionSort, 1000, 187, 127900
SelectionSort, 1000, 188, 128200
SelectionSort, 1000, 189, 127400
SelectionSort, 1000, 190, 128100
SelectionSort, 1000, 191, 126700
SelectionSort, 1000, 192, 127200
SelectionSort, 1000, 193, 126100
SelectionSort, 1000, 194, 127400
SelectionSort, 1000, 195, 126900
SelectionSort, 1000, 196, 127800
SelectionSort, 1000, 197, 127000
SelectionSort, 1000, 198, 127700
SelectionSort, 1000, 199, 126900
SelectionSort, 1000, 200, 128000
SelectionSort, 1000, 201, 128000
SelectionSort, 1000, 202, 128300
SelectionSort, 1000, 203, 127500
SelectionSort, 1000, 204, 127900
SelectionSort, 1000, 205, 128300
SelectionSort, 1000, 206, 127800
SelectionSort, 1000, 207, 127300
SelectionSort, 1000, 208, 127900
SelectionSort, 1000, 209, 127900
SelectionSort, 1000, 210, 127300
SelectionSort, 1000, 211, 127200
SelectionSort, 1000, 212, 127200
SelectionSort, 1000, 213, 127300
SelectionSort, 1000, 214, 127600
SelectionSort, 1000, 215, 128700
SelectionSort, 1000, 216, 127400
SelectionSort, 1000, 217, 129100
SelectionSort, 1000, 218, 128200
SelectionSort, 1000, 219, 127300
SelectionSort, 1000, 220, 127400
SelectionSort, 1000, 221, 127500
SelectionSort, 1000, 222, 128300
SelectionSort, 1000, 223, 126800
SelectionSort, 1000, 224, 127900
SelectionSort, 1000, 225, 126800
SelectionSort, 1000, 226, 126900
SelectionSort, 1000, 227, 127000
SelectionSort, 1000, 228, 126700
SelectionSort, 1000, 229, 127200
SelectionSort, 1000, 230, 126700
SelectionSort, 1000, 231, 127300
SelectionSort, 1000, 232, 127000
SelectionSort, 1000, 233, 126900
SelectionSort, 1000, 234, 127100
SelectionSort, 1000, 235, 126200
SelectionSort, 1000, 236, 131600
SelectionSort, 1000, 237, 127400
SelectionSort, 1000, 238, 130000
SelectionSort, 1000, 239, 127400
SelectionSort, 1000, 240, 127600
SelectionSort, 1000, 241, 126200
SelectionSort, 1000, 242, 126600
SelectionSort, 1000, 243, 127300
SelectionSort, 1000, 244, 127000
SelectionSort, 1000, 245, 127500
SelectionSort, 1000, 246, 126900
SelectionSort, 1000, 247, 127600
SelectionSort, 1000, 248, 128400
SelectionSort, 1000, 249, 127500
SelectionSort, 1000, 250, 126300
SelectionSort, 1000, 251, 127100
SelectionSort, 1000, 252, 127600
SelectionSort, 1000, 253, 127200
SelectionSort, 1000, 254, 126800
SelectionSort, 1000, 255, 128300
SelectionSort, 1000, 256, 127000
SelectionSort, 1000, 257, 127800
SelectionSort, 1000, 258, 127100
SelectionSort, 1000, 259, 126300
SelectionSort, 1000, 260, 126300
SelectionSort, 1000, 261, 126400
SelectionSort, 1000, 262, 127200
SelectionSort, 1000, 263, 127100
SelectionSort, 1000, 264, 127200
SelectionSort, 1000, 265, 127800
SelectionSort, 1000, 266, 126300
SelectionSort, 1000, 267, 127100
SelectionSort, 1000, 268, 128000
SelectionSort, 1000, 269, 129600
SelectionSort, 1000, 270, 127200
SelectionSort, 1000, 271, 128400
SelectionSort, 1000, 272, 127700
SelectionSort, 1000, 273, 149400
SelectionSort, 1000, 274, 127800
SelectionSort, 1000, 275, 128000
SelectionSort, 1000, 276, 127200
SelectionSort, 1000, 277, 127200
SelectionSort, 1000, 278, 127900
SelectionSort, 1000, 279, 128000
SelectionSort, 1000, 280, 127300
SelectionSort, 1000, 281, 126900
SelectionSort, 1000, 282, 127000
SelectionSort, 1000, 283, 127000
SelectionSort, 1000, 284, 128100
SelectionSort, 1000, 285, 127900
SelectionSort, 1000, 286, 126600
SelectionSort, 1000, 287, 127100
SelectionSort, 1000, 288, 127800
SelectionSort, 1000, 289, 126500
SelectionSort, 1000, 290, 126400
SelectionSort, 1000, 291, 127300
SelectionSort, 1000, 292, 126600
SelectionSort, 1000, 293, 127000
SelectionSort, 1000, 294, 126300
SelectionSort, 1000, 295, 125000
SelectionSort, 1000, 296, 126300
SelectionSort, 1000, 297, 127600
SelectionSort, 1000, 298, 128600
SelectionSort, 1000, 299, 126200
SelectionSort, 1000, 300, 126400
SelectionSort, 1000, 301, 127900
SelectionSort, 1000, 302, 126900
SelectionSort, 1000, 303, 126200
SelectionSort, 1000, 304, 127000
SelectionSort, 1000, 305, 127500
SelectionSort, 1000, 306, 127400
SelectionSort, 1000, 307, 126400
SelectionSort, 1000, 308, 127000
SelectionSort, 1000, 309, 130300
SelectionSort, 1000, 310, 127800
SelectionSort, 1000, 311, 127000
SelectionSort, 1000, 312, 126200
SelectionSort, 1000, 313, 127200
SelectionSort, 1000, 314, 125700
SelectionSort, 1000, 315, 126400
SelectionSort, 1000, 316, 127000
SelectionSort, 1000, 317, 126700
SelectionSort, 1000, 318, 126300
SelectionSort, 1000, 319, 129400
SelectionSort, 1000, 320, 127600
SelectionSort, 1000, 321, 127000
SelectionSort, 1000, 322, 126000
SelectionSort, 1000, 323, 127600
SelectionSort, 1000, 324, 177100
SelectionSort, 1000, 325, 127300
SelectionSort, 1000, 326, 128200
SelectionSort, 1000, 327, 127900
SelectionSort, 1000, 328, 127800
SelectionSort, 1000, 329, 153400
SelectionSort, 1000, 330, 148100
SelectionSort, 1000, 331, 148600
SelectionSort, 1000, 332, 146900
SelectionSort, 1000, 333, 148500
SelectionSort, 1000, 334, 149900
SelectionSort, 1000, 335, 152400
SelectionSort, 1000, 336, 133400
SelectionSort, 1000, 337, 131800
SelectionSort, 1000, 338, 128800
SelectionSort, 1000, 339, 128600
SelectionSort, 1000, 340, 128600
SelectionSort, 1000, 341, 129700
SelectionSort, 1000, 342, 127600
SelectionSort, 1000, 343, 128100
SelectionSort, 1000, 344, 128000
SelectionSort, 1000, 345, 128200
SelectionSort, 1000, 346, 128700
SelectionSort, 1000, 347, 128400
SelectionSort, 1000, 348, 127700
SelectionSort, 1000, 349, 129200
SelectionSort, 1000, 350, 128200
SelectionSort, 1000, 351, 128900
SelectionSort, 1000, 352, 127400
SelectionSort, 1000, 353, 128300
SelectionSort, 1000, 354, 127900
SelectionSort, 1000, 355, 128400
SelectionSort, 1000, 356, 127200
SelectionSort, 1000, 357, 127600
SelectionSort, 1000, 358, 127400
SelectionSort, 1000, 359, 129400
SelectionSort, 1000, 360, 129000
SelectionSort, 1000, 361, 127500
SelectionSort, 1000, 362, 127900
SelectionSort, 1000, 363, 145400
SelectionSort, 1000, 364, 110800
SelectionSort, 1000, 365, 109400
SelectionSort, 1000, 366, 109600
SelectionSort, 1000, 367, 109600
SelectionSort, 1000, 368, 148300
SelectionSort, 1000, 369, 151300
SelectionSort, 1000, 370, 109000
SelectionSort, 1000, 371, 108700
SelectionSort, 1000, 372, 109000
SelectionSort, 1000, 373, 107700
SelectionSort, 1000, 374, 108400
SelectionSort, 1000, 375, 126100
SelectionSort, 1000, 376, 127600
SelectionSort, 1000, 377, 126300
SelectionSort, 1000, 378, 126800
SelectionSort, 1000, 379, 126000
SelectionSort, 1000, 380, 126000
SelectionSort, 1000, 381, 130600
SelectionSort, 1000, 382, 127200
SelectionSort, 1000, 383, 127500
SelectionSort, 1000, 384, 108800
SelectionSort, 1000, 385, 108000
SelectionSort, 1000, 386, 108500
SelectionSort, 1000, 387, 108300
SelectionSort, 1000, 388, 107600
SelectionSort, 1000, 389, 107600
SelectionSort, 1000, 390, 107100
SelectionSort, 1000, 391, 108200
SelectionSort, 1000, 392, 106900
SelectionSort, 1000, 393, 107400
SelectionSort, 1000, 394, 107500
SelectionSort, 1000, 395, 107500
SelectionSort, 1000, 396, 106700
SelectionSort, 1000, 397, 105800
SelectionSort, 1000, 398, 108100
SelectionSort, 1000, 399, 108800
SelectionSort, 1000, 400, 108500
SelectionSort, 1000, 401, 108100
SelectionSort, 1000, 402, 107600
SelectionSort, 1000, 403, 107400
SelectionSort, 1000, 404, 107400
SelectionSort, 1000, 405, 106800
SelectionSort, 1000, 406, 106600
SelectionSort, 1000, 407, 106500
SelectionSort, 1000, 408, 107100
SelectionSort, 1000, 409, 107300
SelectionSort, 1000, 410, 110200
SelectionSort, 1000, 411, 107100
SelectionSort, 1000, 412, 107300
SelectionSort, 1000, 413, 106600
SelectionSort, 1000, 414, 107200
SelectionSort, 1000, 415, 107200
SelectionSort, 1000, 416, 107500
SelectionSort, 1000, 417, 108300
SelectionSort, 1000, 418, 107800
SelectionSort, 1000, 419, 106600
SelectionSort, 1000, 420, 106800
SelectionSort, 1000, 421, 106900
SelectionSort, 1000, 422, 107900
SelectionSort, 1000, 423, 107400
SelectionSort, 1000, 424, 106700
SelectionSort, 1000, 425, 108300
SelectionSort, 1000, 426, 107000
SelectionSort, 1000, 427, 108100
SelectionSort, 1000, 428, 111100
SelectionSort, 1000, 429, 126000
SelectionSort, 1000, 430, 125900
SelectionSort, 1000, 431, 126000
SelectionSort, 1000, 432, 107100
SelectionSort, 1000, 433, 108600
SelectionSort, 1000, 434, 106900
SelectionSort, 1000, 435, 107800
SelectionSort, 1000, 436, 106300
SelectionSort, 1000, 437, 108000
SelectionSort, 1000, 438, 106000
SelectionSort, 1000, 439, 109000
SelectionSort, 1000, 440, 125300
SelectionSort, 1000, 441, 139300
SelectionSort, 1000, 442, 107700
SelectionSort, 1000, 443, 106800
SelectionSort, 1000, 444, 106700
SelectionSort, 1000, 445, 107600
SelectionSort, 1000, 446, 107300
SelectionSort, 1000, 447, 107900
SelectionSort, 1000, 448, 127100
SelectionSort, 1000, 449, 128100
SelectionSort, 1000, 450, 108100
SelectionSort, 1000, 451, 107900
SelectionSort, 1000, 452, 109000
SelectionSort, 1000, 453, 107800
SelectionSort, 1000, 454, 106900
SelectionSort, 1000, 455, 108000
SelectionSort, 1000, 456, 108400
SelectionSort, 1000, 457, 107200
SelectionSort, 1000, 458, 106500
SelectionSort, 1000, 459, 107000
SelectionSort, 1000, 460, 109100
SelectionSort, 1000, 461, 106600
SelectionSort, 1000, 462, 106900
SelectionSort, 1000, 463, 107000
SelectionSort, 1000, 464, 108000
SelectionSort, 1000, 465, 107800
SelectionSort, 1000, 466, 106600
SelectionSort, 1000, 467, 106400
SelectionSort, 1000, 468, 106600
SelectionSort, 1000, 469, 107300
SelectionSort, 1000, 470, 107000
SelectionSort, 1000, 471, 107600
SelectionSort, 1000, 472, 106200
SelectionSort, 1000, 473, 108200
SelectionSort, 1000, 474, 106400
SelectionSort, 1000, 475, 106300
SelectionSort, 1000, 476, 107100
SelectionSort, 1000, 477, 106800
SelectionSort, 1000, 478, 106500
SelectionSort, 1000, 479, 106600
SelectionSort, 1000, 480, 106800
SelectionSort, 1000, 481, 106200
SelectionSort, 1000, 482, 106400
SelectionSort, 1000, 483, 105600
SelectionSort, 1000, 484, 106600
SelectionSort, 1000, 485, 106600
SelectionSort, 1000, 486, 106000
SelectionSort, 1000, 487, 107100
SelectionSort, 1000, 488, 106500
SelectionSort, 1000, 489, 106300
SelectionSort, 1000, 490, 106200
SelectionSort, 1000, 491, 106600
SelectionSort, 1000, 492, 106700
SelectionSort, 1000, 493, 106400
SelectionSort, 1000, 494, 106000
SelectionSort, 1000, 495, 108900
SelectionSort, 1000, 496, 108100
SelectionSort, 1000, 497, 125500
SelectionSort, 1000, 498, 125300
SelectionSort, 1000, 499, 126500
SelectionSort, 1000, 500, 124900
SelectionSort, 1000, 501, 126800
SelectionSort, 1000, 502, 125900
SelectionSort, 1000, 503, 126200
SelectionSort, 1000, 504, 125500
SelectionSort, 1000, 505, 107800
SelectionSort, 1000, 506, 108900
SelectionSort, 1000, 507, 112500
SelectionSort, 1000, 508, 108100
SelectionSort, 1000, 509, 107600
SelectionSort, 1000, 510, 119500
SelectionSort, 1000, 511, 108100
SelectionSort, 1000, 512, 108200
SelectionSort, 1000, 513, 107600
SelectionSort, 1000, 514, 107300
SelectionSort, 1000, 515, 145400
SelectionSort, 1000, 516, 147000
SelectionSort, 1000, 517, 144300
SelectionSort, 1000, 518, 106900
SelectionSort, 1000, 519, 107700
SelectionSort, 1000, 520, 107100
SelectionSort, 1000, 521, 106900
SelectionSort, 1000, 522, 106600
SelectionSort, 1000, 523, 108500
SelectionSort, 1000, 524, 106800
SelectionSort, 1000, 525, 107600
SelectionSort, 1000, 526, 106900
SelectionSort, 1000, 527, 107100
SelectionSort, 1000, 528, 107100
SelectionSort, 1000, 529, 124700
SelectionSort, 1000, 530, 110500
SelectionSort, 1000, 531, 108100
SelectionSort, 1000, 532, 107200
SelectionSort, 1000, 533, 106500
SelectionSort, 1000, 534, 107700
SelectionSort, 1000, 535, 106700
SelectionSort, 1000, 536, 106400
SelectionSort, 1000, 537, 107900
SelectionSort, 1000, 538, 107600
SelectionSort, 1000, 539, 106900
SelectionSort, 1000, 540, 121200
SelectionSort, 1000, 541, 105900
SelectionSort, 1000, 542, 110100
SelectionSort, 1000, 543, 108100
SelectionSort, 1000, 544, 105900
SelectionSort, 1000, 545, 107100
SelectionSort, 1000, 546, 106600
SelectionSort, 1000, 547, 107800
SelectionSort, 1000, 548, 107400
SelectionSort, 1000, 549, 106900
SelectionSort, 1000, 550, 106400
SelectionSort, 1000, 551, 106800
SelectionSort, 1000, 552, 106700
SelectionSort, 1000, 553, 108300
SelectionSort, 1000, 554, 107000
SelectionSort, 1000, 555, 124300
SelectionSort, 1000, 556, 107500
SelectionSort, 1000, 557, 106100
SelectionSort, 1000, 558, 105900
SelectionSort, 1000, 559, 106600
SelectionSort, 1000, 560, 106100
SelectionSort, 1000, 561, 106500
SelectionSort, 1000, 562, 106300
SelectionSort, 1000, 563, 107100
SelectionSort, 1000, 564, 110800
SelectionSort, 1000, 565, 124600
SelectionSort, 1000, 566, 124600
SelectionSort, 1000, 567, 125200
SelectionSort, 1000, 568, 125900
SelectionSort, 1000, 569, 126300
SelectionSort, 1000, 570, 125800
SelectionSort, 1000, 571, 125900
SelectionSort, 1000, 572, 124800
SelectionSort, 1000, 573, 125600
SelectionSort, 1000, 574, 124800
SelectionSort, 1000, 575, 108500
SelectionSort, 1000, 576, 106900
SelectionSort, 1000, 577, 106900
SelectionSort, 1000, 578, 107600
SelectionSort, 1000, 579, 106900
SelectionSort, 1000, 580, 106800
SelectionSort, 1000, 581, 108100
SelectionSort, 1000, 582, 107300
SelectionSort, 1000, 583, 108000
SelectionSort, 1000, 584, 108300
SelectionSort, 1000, 585, 106600
SelectionSort, 1000, 586, 105800
SelectionSort, 1000, 587, 109100
SelectionSort, 1000, 588, 107200
SelectionSort, 1000, 589, 107200
SelectionSort, 1000, 590, 106600
SelectionSort, 1000, 591, 106800
SelectionSort, 1000, 592, 108500
SelectionSort, 1000, 593, 125900
SelectionSort, 1000, 594, 125600
SelectionSort, 1000, 595, 124300
SelectionSort, 1000, 596, 125100
SelectionSort, 1000, 597, 125400
SelectionSort, 1000, 598, 125900
SelectionSort, 1000, 599, 114700
SelectionSort, 1000, 600, 108400
SelectionSort, 1000, 601, 127200
SelectionSort, 1000, 602, 112300
SelectionSort, 1000, 603, 106500
SelectionSort, 1000, 604, 107800
SelectionSort, 1000, 605, 107400
SelectionSort, 1000, 606, 107000
SelectionSort, 1000, 607, 107400
SelectionSort, 1000, 608, 110900
SelectionSort, 1000, 609, 106700
SelectionSort, 1000, 610, 107400
SelectionSort, 1000, 611, 110200
SelectionSort, 1000, 612, 108000
SelectionSort, 1000, 613, 106600
SelectionSort, 1000, 614, 106700
SelectionSort, 1000, 615, 108000
SelectionSort, 1000, 616, 105700
SelectionSort, 1000, 617, 106800
SelectionSort, 1000, 618, 106100
SelectionSort, 1000, 619, 107300
SelectionSort, 1000, 620, 108000
SelectionSort, 1000, 621, 106700
SelectionSort, 1000, 622, 109500
SelectionSort, 1000, 623, 106400
SelectionSort, 1000, 624, 106600
SelectionSort, 1000, 625, 107300
SelectionSort, 1000, 626, 107900
SelectionSort, 1000, 627, 107600
SelectionSort, 1000, 628, 105600
SelectionSort, 1000, 629, 106700
SelectionSort, 1000, 630, 106200
SelectionSort, 1000, 631, 106200
SelectionSort, 1000, 632, 106800
SelectionSort, 1000, 633, 109300
SelectionSort, 1000, 634, 107200
SelectionSort, 1000, 635, 107400
SelectionSort, 1000, 636, 106700
SelectionSort, 1000, 637, 105900
SelectionSort, 1000, 638, 106200
SelectionSort, 1000, 639, 106500
SelectionSort, 1000, 640, 106600
SelectionSort, 1000, 641, 106100
SelectionSort, 1000, 642, 106300
SelectionSort, 1000, 643, 106900
SelectionSort, 1000, 644, 107000
SelectionSort, 1000, 645, 107900
SelectionSort, 1000, 646, 106700
SelectionSort, 1000, 647, 105800
SelectionSort, 1000, 648, 106900
SelectionSort, 1000, 649, 106700
SelectionSort, 1000, 650, 106900
SelectionSort, 1000, 651, 105600
SelectionSort, 1000, 652, 106200
SelectionSort, 1000, 653, 105500
SelectionSort, 1000, 654, 107000
SelectionSort, 1000, 655, 106900
SelectionSort, 1000, 656, 106400
SelectionSort, 1000, 657, 107100
SelectionSort, 1000, 658, 106300
SelectionSort, 1000, 659, 107400
SelectionSort, 1000, 660, 105900
SelectionSort, 1000, 661, 106300
SelectionSort, 1000, 662, 107000
SelectionSort, 1000, 663, 106700
SelectionSort, 1000, 664, 106800
SelectionSort, 1000, 665, 107200
SelectionSort, 1000, 666, 108300
SelectionSort, 1000, 667, 146800
SelectionSort, 1000, 668, 147200
SelectionSort, 1000, 669, 146000
SelectionSort, 1000, 670, 146600
SelectionSort, 1000, 671, 147800
SelectionSort, 1000, 672, 146500
SelectionSort, 1000, 673, 148400
SelectionSort, 1000, 674, 107800
SelectionSort, 1000, 675, 108000
SelectionSort, 1000, 676, 109300
SelectionSort, 1000, 677, 107500
SelectionSort, 1000, 678, 108400
SelectionSort, 1000, 679, 108100
SelectionSort, 1000, 680, 107300
SelectionSort, 1000, 681, 132100
SelectionSort, 1000, 682, 109900
SelectionSort, 1000, 683, 153300
SelectionSort, 1000, 684, 154200
SelectionSort, 1000, 685, 153900
SelectionSort, 1000, 686, 152100
SelectionSort, 1000, 687, 157900
SelectionSort, 1000, 688, 151000
SelectionSort, 1000, 689, 151700
SelectionSort, 1000, 690, 150200
SelectionSort, 1000, 691, 149800
SelectionSort, 1000, 692, 150500
SelectionSort, 1000, 693, 150400
SelectionSort, 1000, 694, 151800
SelectionSort, 1000, 695, 150000
SelectionSort, 1000, 696, 149900
SelectionSort, 1000, 697, 151900
SelectionSort, 1000, 698, 154400
SelectionSort, 1000, 699, 150300
SelectionSort, 1000, 700, 150000
SelectionSort, 1000, 701, 149400
SelectionSort, 1000, 702, 151200
SelectionSort, 1000, 703, 151200
SelectionSort, 1000, 704, 150000
SelectionSort, 1000, 705, 150100
SelectionSort, 1000, 706, 150200
SelectionSort, 1000, 707, 152600
SelectionSort, 1000, 708, 149200
SelectionSort, 1000, 709, 149000
SelectionSort, 1000, 710, 149100
SelectionSort, 1000, 711, 149300
SelectionSort, 1000, 712, 149500
SelectionSort, 1000, 713, 149300
SelectionSort, 1000, 714, 148800
SelectionSort, 1000, 715, 150200
SelectionSort, 1000, 716, 165100
SelectionSort, 1000, 717, 152300
SelectionSort, 1000, 718, 150100
SelectionSort, 1000, 719, 150600
SelectionSort, 1000, 720, 150100
SelectionSort, 1000, 721, 149700
SelectionSort, 1000, 722, 149600
SelectionSort, 1000, 723, 148600
SelectionSort, 1000, 724, 150100
SelectionSort, 1000, 725, 148500
SelectionSort, 1000, 726, 150900
SelectionSort, 1000, 727, 150500
SelectionSort, 1000, 728, 148200
SelectionSort, 1000, 729, 148600
SelectionSort, 1000, 730, 149400
SelectionSort, 1000, 731, 149400
SelectionSort, 1000, 732, 150100
SelectionSort, 1000, 733, 149800
SelectionSort, 1000, 734, 149400
SelectionSort, 1000, 735, 149600
SelectionSort, 1000, 736, 149000
SelectionSort, 1000, 737, 149900
SelectionSort, 1000, 738, 148100
SelectionSort, 1000, 739, 150000
SelectionSort, 1000, 740, 149600
SelectionSort, 1000, 741, 149900
SelectionSort, 1000, 742, 148500
SelectionSort, 1000, 743, 149900
SelectionSort, 1000, 744, 150100
SelectionSort, 1000, 745, 148200
SelectionSort, 1000, 746, 149500
SelectionSort, 1000, 747, 149500
SelectionSort, 1000, 748, 149600
SelectionSort, 1000, 749, 149500
SelectionSort, 1000, 750, 149300
SelectionSort, 1000, 751, 148900
SelectionSort, 1000, 752, 149600
SelectionSort, 1000, 753, 152600
SelectionSort, 1000, 754, 148400
SelectionSort, 1000, 755, 148300
SelectionSort, 1000, 756, 150600
SelectionSort, 1000, 757, 149100
SelectionSort, 1000, 758, 149600
SelectionSort, 1000, 759, 153100
SelectionSort, 1000, 760, 149600
SelectionSort, 1000, 761, 149700
SelectionSort, 1000, 762, 149600
SelectionSort, 1000, 763, 151200
SelectionSort, 1000, 764, 149300
SelectionSort, 1000, 765, 149300
SelectionSort, 1000, 766, 149900
SelectionSort, 1000, 767, 149600
SelectionSort, 1000, 768, 148800
SelectionSort, 1000, 769, 150300
SelectionSort, 1000, 770, 150300
SelectionSort, 1000, 771, 148200
SelectionSort, 1000, 772, 148800
SelectionSort, 1000, 773, 149300
SelectionSort, 1000, 774, 149400
SelectionSort, 1000, 775, 149500
SelectionSort, 1000, 776, 149500
SelectionSort, 1000, 777, 169400
SelectionSort, 1000, 778, 220800
SelectionSort, 1000, 779, 220200
SelectionSort, 1000, 780, 152900
SelectionSort, 1000, 781, 150900
SelectionSort, 1000, 782, 151700
SelectionSort, 1000, 783, 150900
SelectionSort, 1000, 784, 150700
SelectionSort, 1000, 785, 151000
SelectionSort, 1000, 786, 160500
SelectionSort, 1000, 787, 152000
SelectionSort, 1000, 788, 150800
SelectionSort, 1000, 789, 153100
SelectionSort, 1000, 790, 150800
SelectionSort, 1000, 791, 151300
SelectionSort, 1000, 792, 149700
SelectionSort, 1000, 793, 150300
SelectionSort, 1000, 794, 149800
SelectionSort, 1000, 795, 150000
SelectionSort, 1000, 796, 150400
SelectionSort, 1000, 797, 150200
SelectionSort, 1000, 798, 152200
SelectionSort, 1000, 799, 149300
SelectionSort, 1000, 800, 151400
SelectionSort, 1000, 801, 150000
SelectionSort, 1000, 802, 150700
SelectionSort, 1000, 803, 150600
SelectionSort, 1000, 804, 151200
SelectionSort, 1000, 805, 149700
SelectionSort, 1000, 806, 149000
SelectionSort, 1000, 807, 149600
SelectionSort, 1000, 808, 149900
SelectionSort, 1000, 809, 149300
SelectionSort, 1000, 810, 150100
SelectionSort, 1000, 811, 148900
SelectionSort, 1000, 812, 148400
SelectionSort, 1000, 813, 150300
SelectionSort, 1000, 814, 149200
SelectionSort, 1000, 815, 149000
SelectionSort, 1000, 816, 151500
SelectionSort, 1000, 817, 149600
SelectionSort, 1000, 818, 149300
SelectionSort, 1000, 819, 149900
SelectionSort, 1000, 820, 149700
SelectionSort, 1000, 821, 149700
SelectionSort, 1000, 822, 149900
SelectionSort, 1000, 823, 149500
SelectionSort, 1000, 824, 150100
SelectionSort, 1000, 825, 151000
SelectionSort, 1000, 826, 148500
SelectionSort, 1000, 827, 150000
SelectionSort, 1000, 828, 149100
SelectionSort, 1000, 829, 149400
SelectionSort, 1000, 830, 148900
SelectionSort, 1000, 831, 149100
SelectionSort, 1000, 832, 150100
SelectionSort, 1000, 833, 150300
SelectionSort, 1000, 834, 151500
SelectionSort, 1000, 835, 149200
SelectionSort, 1000, 836, 149700
SelectionSort, 1000, 837, 150400
SelectionSort, 1000, 838, 149500
SelectionSort, 1000, 839, 149400
SelectionSort, 1000, 840, 149600
SelectionSort, 1000, 841, 150100
SelectionSort, 1000, 842, 148800
SelectionSort, 1000, 843, 149000
SelectionSort, 1000, 844, 148300
SelectionSort, 1000, 845, 150500
SelectionSort, 1000, 846, 149000
SelectionSort, 1000, 847, 149600
SelectionSort, 1000, 848, 148900
SelectionSort, 1000, 849, 149100
SelectionSort, 1000, 850, 148300
SelectionSort, 1000, 851, 151800
SelectionSort, 1000, 852, 147600
SelectionSort, 1000, 853, 148300
SelectionSort, 1000, 854, 166700
SelectionSort, 1000, 855, 151300
SelectionSort, 1000, 856, 150700
SelectionSort, 1000, 857, 149200
SelectionSort, 1000, 858, 149700
SelectionSort, 1000, 859, 148800
SelectionSort, 1000, 860, 148200
SelectionSort, 1000, 861, 148900
SelectionSort, 1000, 862, 148300
SelectionSort, 1000, 863, 155300
SelectionSort, 1000, 864, 163700
SelectionSort, 1000, 865, 150300
SelectionSort, 1000, 866, 149800
SelectionSort, 1000, 867, 149200
SelectionSort, 1000, 868, 148700
SelectionSort, 1000, 869, 149600
SelectionSort, 1000, 870, 148400
SelectionSort, 1000, 871, 149200
SelectionSort, 1000, 872, 149200
SelectionSort, 1000, 873, 150100
SelectionSort, 1000, 874, 149400
SelectionSort, 1000, 875, 149300
SelectionSort, 1000, 876, 149500
SelectionSort, 1000, 877, 149200
SelectionSort, 1000, 878, 149000
SelectionSort, 1000, 879, 148900
SelectionSort, 1000, 880, 148800
SelectionSort, 1000, 881, 151800
SelectionSort, 1000, 882, 148200
SelectionSort, 1000, 883, 148900
SelectionSort, 1000, 884, 148700
SelectionSort, 1000, 885, 149300
SelectionSort, 1000, 886, 148300
SelectionSort, 1000, 887, 149400
SelectionSort, 1000, 888, 148800
SelectionSort, 1000, 889, 149400
SelectionSort, 1000, 890, 150300
SelectionSort, 1000, 891, 152000
SelectionSort, 1000, 892, 149300
SelectionSort, 1000, 893, 149300
SelectionSort, 1000, 894, 148800
SelectionSort, 1000, 895, 149400
SelectionSort, 1000, 896, 148800
SelectionSort, 1000, 897, 148400
SelectionSort, 1000, 898, 149500
SelectionSort, 1000, 899, 149200
SelectionSort, 1000, 900, 148300
SelectionSort, 1000, 901, 149200
SelectionSort, 1000, 902, 148700
SelectionSort, 1000, 903, 148300
SelectionSort, 1000, 904, 148600
SelectionSort, 1000, 905, 148700
SelectionSort, 1000, 906, 150100
SelectionSort, 1000, 907, 149800
SelectionSort, 1000, 908, 150500
SelectionSort, 1000, 909, 148300
SelectionSort, 1000, 910, 151200
SelectionSort, 1000, 911, 149500
SelectionSort, 1000, 912, 149000
SelectionSort, 1000, 913, 148400
SelectionSort, 1000, 914, 148600
SelectionSort, 1000, 915, 148900
SelectionSort, 1000, 916, 149400
SelectionSort, 1000, 917, 148000
SelectionSort, 1000, 918, 149400
SelectionSort, 1000, 919, 148400
SelectionSort, 1000, 920, 151400
SelectionSort, 1000, 921, 148100
SelectionSort, 1000, 922, 149500
SelectionSort, 1000, 923, 149100
SelectionSort, 1000, 924, 148600
SelectionSort, 1000, 925, 149800
SelectionSort, 1000, 926, 148800
SelectionSort, 1000, 927, 148500
SelectionSort, 1000, 928, 149600
SelectionSort, 1000, 929, 164500
SelectionSort, 1000, 930, 149300
SelectionSort, 1000, 931, 150800
SelectionSort, 1000, 932, 149600
SelectionSort, 1000, 933, 149600
SelectionSort, 1000, 934, 148700
SelectionSort, 1000, 935, 148500
SelectionSort, 1000, 936, 149700
SelectionSort, 1000, 937, 149000
SelectionSort, 1000, 938, 149900
SelectionSort, 1000, 939, 151100
SelectionSort, 1000, 940, 148500
SelectionSort, 1000, 941, 150700
SelectionSort, 1000, 942, 149000
SelectionSort, 1000, 943, 148700
SelectionSort, 1000, 944, 148400
SelectionSort, 1000, 945, 149100
SelectionSort, 1000, 946, 151000
SelectionSort, 1000, 947, 149000
SelectionSort, 1000, 948, 149400
SelectionSort, 1000, 949, 149200
SelectionSort, 1000, 950, 149100
SelectionSort, 1000, 951, 147600
SelectionSort, 1000, 952, 148700
SelectionSort, 1000, 953, 149100
SelectionSort, 1000, 954, 148600
SelectionSort, 1000, 955, 148000
SelectionSort, 1000, 956, 151600
SelectionSort, 1000, 957, 150500
SelectionSort, 1000, 958, 150100
SelectionSort, 1000, 959, 148500
SelectionSort, 1000, 960, 149200
SelectionSort, 1000, 961, 149700
SelectionSort, 1000, 962, 149200
SelectionSort, 1000, 963, 149700
SelectionSort, 1000, 964, 148900
SelectionSort, 1000, 965, 150800
SelectionSort, 1000, 966, 150300
SelectionSort, 1000, 967, 149600
SelectionSort, 1000, 968, 148800
SelectionSort, 1000, 969, 148600
SelectionSort, 1000, 970, 148700
SelectionSort, 1000, 971, 149300
SelectionSort, 1000, 972, 149400
SelectionSort, 1000, 973, 149200
SelectionSort, 1000, 974, 150600
SelectionSort, 1000, 975, 149500
SelectionSort, 1000, 976, 147900
SelectionSort, 1000, 977, 150300
SelectionSort, 1000, 978, 149300
SelectionSort, 1000, 979, 149100
SelectionSort, 1000, 980, 149300
SelectionSort, 1000, 981, 148500
SelectionSort, 1000, 982, 148800
SelectionSort, 1000, 983, 149000
SelectionSort, 1000, 984, 148500
SelectionSort, 1000, 985, 149200
SelectionSort, 1000, 986, 148100
SelectionSort, 1000, 987, 150000
SelectionSort, 1000, 988, 149500
SelectionSort, 1000, 989, 148600
SelectionSort, 1000, 990, 149200
SelectionSort, 1000, 991, 149100
SelectionSort, 1000, 992, 150400
SelectionSort, 1000, 993, 149200
SelectionSort, 1000, 994, 149200
SelectionSort, 1000, 995, 148600
SelectionSort, 1000, 996, 148200
SelectionSort, 1000, 997, 150000
SelectionSort, 1000, 998, 150300
SelectionSort, 1000, 999, 149300
SelectionSort, 1000, 1000, 149600
InsertionSort, 10000, 1, 3542300
InsertionSort, 10000, 2, 3897600
InsertionSort, 10000, 3, 4743800
InsertionSort, 10000, 4, 3562300
InsertionSort, 10000, 5, 3561900
InsertionSort, 10000, 6, 3582700
InsertionSort, 10000, 7, 3602000
InsertionSort, 10000, 8, 3546400
InsertionSort, 10000, 9, 3496900
InsertionSort, 10000, 10, 3535700
InsertionSort, 10000, 11, 3546000
InsertionSort, 10000, 12, 3609000
InsertionSort, 10000, 13, 3533700
InsertionSort, 10000, 14, 4663600
InsertionSort, 10000, 15, 3494000
InsertionSort, 10000, 16, 3509200
InsertionSort, 10000, 17, 3600600
InsertionSort, 10000, 18, 3564800
InsertionSort, 10000, 19, 3509600
InsertionSort, 10000, 20, 3579800
InsertionSort, 10000, 21, 3589400
InsertionSort, 10000, 22, 3563800
InsertionSort, 10000, 23, 3548100
InsertionSort, 10000, 24, 3551400
InsertionSort, 10000, 25, 3564200
InsertionSort, 10000, 26, 3529400
InsertionSort, 10000, 27, 3523100
InsertionSort, 10000, 28, 3533500
InsertionSort, 10000, 29, 3523300
InsertionSort, 10000, 30, 3507900
InsertionSort, 10000, 31, 3541100
InsertionSort, 10000, 32, 4661800
InsertionSort, 10000, 33, 3576200
InsertionSort, 10000, 34, 3563300
InsertionSort, 10000, 35, 3593700
InsertionSort, 10000, 36, 4660000
InsertionSort, 10000, 37, 4415000
InsertionSort, 10000, 38, 3724600
InsertionSort, 10000, 39, 3540700
InsertionSort, 10000, 40, 3562100
InsertionSort, 10000, 41, 3504800
InsertionSort, 10000, 42, 4682400
InsertionSort, 10000, 43, 4659400
InsertionSort, 10000, 44, 4663900
InsertionSort, 10000, 45, 4683900
InsertionSort, 10000, 46, 3664900
InsertionSort, 10000, 47, 3548200
InsertionSort, 10000, 48, 3528000
InsertionSort, 10000, 49, 3541200
InsertionSort, 10000, 50, 3551200
InsertionSort, 10000, 51, 3542000
InsertionSort, 10000, 52, 3556900
InsertionSort, 10000, 53, 3578200
InsertionSort, 10000, 54, 3576900
InsertionSort, 10000, 55, 3574700
InsertionSort, 10000, 56, 3553500
InsertionSort, 10000, 57, 3554600
InsertionSort, 10000, 58, 3587600
InsertionSort, 10000, 59, 3567200
InsertionSort, 10000, 60, 3564800
InsertionSort, 10000, 61, 3561100
InsertionSort, 10000, 62, 3535700
InsertionSort, 10000, 63, 3568100
InsertionSort, 10000, 64, 3540600
InsertionSort, 10000, 65, 3564400
InsertionSort, 10000, 66, 3545100
InsertionSort, 10000, 67, 3561700
InsertionSort, 10000, 68, 4685700
InsertionSort, 10000, 69, 4695300
InsertionSort, 10000, 70, 4661300
InsertionSort, 10000, 71, 4692300
InsertionSort, 10000, 72, 4682400
InsertionSort, 10000, 73, 4639700
InsertionSort, 10000, 74, 4718500
InsertionSort, 10000, 75, 4723100
InsertionSort, 10000, 76, 4710200
InsertionSort, 10000, 77, 4659100
InsertionSort, 10000, 78, 4549100
InsertionSort, 10000, 79, 3537800
InsertionSort, 10000, 80, 3570100
InsertionSort, 10000, 81, 3603100
InsertionSort, 10000, 82, 3526300
InsertionSort, 10000, 83, 3532800
InsertionSort, 10000, 84, 3572500
InsertionSort, 10000, 85, 3543900
InsertionSort, 10000, 86, 3520700
InsertionSort, 10000, 87, 3535400
InsertionSort, 10000, 88, 3551000
InsertionSort, 10000, 89, 3504400
InsertionSort, 10000, 90, 3554000
InsertionSort, 10000, 91, 4720400
InsertionSort, 10000, 92, 3540000
InsertionSort, 10000, 93, 3620400
InsertionSort, 10000, 94, 3532000
InsertionSort, 10000, 95, 3555500
InsertionSort, 10000, 96, 3583400
InsertionSort, 10000, 97, 4684600
InsertionSort, 10000, 98, 4657300
InsertionSort, 10000, 99, 4640300
InsertionSort, 10000, 100, 4643700
InsertionSort, 10000, 101, 3546200
InsertionSort, 10000, 102, 4670300
InsertionSort, 10000, 103, 4199900
InsertionSort, 10000, 104, 3554700
InsertionSort, 10000, 105, 3729700
InsertionSort, 10000, 106, 3521300
InsertionSort, 10000, 107, 3547300
InsertionSort, 10000, 108, 3560000
InsertionSort, 10000, 109, 3562400
InsertionSort, 10000, 110, 3550600
InsertionSort, 10000, 111, 3564600
InsertionSort, 10000, 112, 3535000
InsertionSort, 10000, 113, 3551300
InsertionSort, 10000, 114, 3562300
InsertionSort, 10000, 115, 3542900
InsertionSort, 10000, 116, 3524400
InsertionSort, 10000, 117, 3511900
InsertionSort, 10000, 118, 3603400
InsertionSort, 10000, 119, 3504800
InsertionSort, 10000, 120, 3501300
InsertionSort, 10000, 121, 3575600
InsertionSort, 10000, 122, 3490500
InsertionSort, 10000, 123, 3520300
InsertionSort, 10000, 124, 3563600
InsertionSort, 10000, 125, 3624300
InsertionSort, 10000, 126, 3568100
InsertionSort, 10000, 127, 3545600
InsertionSort, 10000, 128, 3576700
InsertionSort, 10000, 129, 3566100
InsertionSort, 10000, 130, 3629400
InsertionSort, 10000, 131, 3523900
InsertionSort, 10000, 132, 4711200
InsertionSort, 10000, 133, 4675500
InsertionSort, 10000, 134, 4673000
InsertionSort, 10000, 135, 4719800
InsertionSort, 10000, 136, 4675200
InsertionSort, 10000, 137, 4709600
InsertionSort, 10000, 138, 4682600
InsertionSort, 10000, 139, 3588600
InsertionSort, 10000, 140, 3531600
InsertionSort, 10000, 141, 3556000
InsertionSort, 10000, 142, 4691500
InsertionSort, 10000, 143, 3578200
InsertionSort, 10000, 144, 3539800
InsertionSort, 10000, 145, 3569400
InsertionSort, 10000, 146, 3555100
InsertionSort, 10000, 147, 3576200
InsertionSort, 10000, 148, 3552700
InsertionSort, 10000, 149, 3657900
InsertionSort, 10000, 150, 3573400
InsertionSort, 10000, 151, 3525200
InsertionSort, 10000, 152, 4672600
InsertionSort, 10000, 153, 3535800
InsertionSort, 10000, 154, 3548300
InsertionSort, 10000, 155, 4658200
InsertionSort, 10000, 156, 4661800
InsertionSort, 10000, 157, 4348600
InsertionSort, 10000, 158, 3794900
InsertionSort, 10000, 159, 3564500
InsertionSort, 10000, 160, 3551600
InsertionSort, 10000, 161, 3547100
InsertionSort, 10000, 162, 3562700
InsertionSort, 10000, 163, 3619300
InsertionSort, 10000, 164, 3548600
InsertionSort, 10000, 165, 3550000
InsertionSort, 10000, 166, 3501100
InsertionSort, 10000, 167, 3541000
InsertionSort, 10000, 168, 3566600
InsertionSort, 10000, 169, 3624000
InsertionSort, 10000, 170, 3511400
InsertionSort, 10000, 171, 3552600
InsertionSort, 10000, 172, 3558200
InsertionSort, 10000, 173, 3534700
InsertionSort, 10000, 174, 3478700
InsertionSort, 10000, 175, 3539100
InsertionSort, 10000, 176, 3541500
InsertionSort, 10000, 177, 3568600
InsertionSort, 10000, 178, 3527100
InsertionSort, 10000, 179, 3577400
InsertionSort, 10000, 180, 3594700
InsertionSort, 10000, 181, 3571900
InsertionSort, 10000, 182, 3566000
InsertionSort, 10000, 183, 3560100
InsertionSort, 10000, 184, 3552300
InsertionSort, 10000, 185, 3604700
InsertionSort, 10000, 186, 3573300
InsertionSort, 10000, 187, 3511300
InsertionSort, 10000, 188, 3608800
InsertionSort, 10000, 189, 3562300
InsertionSort, 10000, 190, 3551600
InsertionSort, 10000, 191, 3591100
InsertionSort, 10000, 192, 3527500
InsertionSort, 10000, 193, 3555400
InsertionSort, 10000, 194, 3543900
InsertionSort, 10000, 195, 3503800
InsertionSort, 10000, 196, 3526600
InsertionSort, 10000, 197, 3581900
InsertionSort, 10000, 198, 3614800
InsertionSort, 10000, 199, 3534900
InsertionSort, 10000, 200, 3584800
InsertionSort, 10000, 201, 3566000
InsertionSort, 10000, 202, 3512100
InsertionSort, 10000, 203, 3528900
InsertionSort, 10000, 204, 3570400
InsertionSort, 10000, 205, 3522100
InsertionSort, 10000, 206, 3554500
InsertionSort, 10000, 207, 3577000
InsertionSort, 10000, 208, 3542200
InsertionSort, 10000, 209, 3575900
InsertionSort, 10000, 210, 3583900
InsertionSort, 10000, 211, 3552400
InsertionSort, 10000, 212, 3535100
InsertionSort, 10000, 213, 3567000
InsertionSort, 10000, 214, 3580600
InsertionSort, 10000, 215, 3544800
InsertionSort, 10000, 216, 4658900
InsertionSort, 10000, 217, 4633900
InsertionSort, 10000, 218, 3551900
InsertionSort, 10000, 219, 3573600
InsertionSort, 10000, 220, 3520400
InsertionSort, 10000, 221, 3559800
InsertionSort, 10000, 222, 3552300
InsertionSort, 10000, 223, 3595000
InsertionSort, 10000, 224, 3576000
InsertionSort, 10000, 225, 3540200
InsertionSort, 10000, 226, 3602100
InsertionSort, 10000, 227, 3597100
InsertionSort, 10000, 228, 3564400
InsertionSort, 10000, 229, 4296400
InsertionSort, 10000, 230, 4689200
InsertionSort, 10000, 231, 3593100
InsertionSort, 10000, 232, 3538300
InsertionSort, 10000, 233, 4703800
InsertionSort, 10000, 234, 4654800
InsertionSort, 10000, 235, 3584700
InsertionSort, 10000, 236, 3664100
InsertionSort, 10000, 237, 3573000
InsertionSort, 10000, 238, 3619500
InsertionSort, 10000, 239, 3791900
InsertionSort, 10000, 240, 3543300
InsertionSort, 10000, 241, 3560600
InsertionSort, 10000, 242, 3544800
InsertionSort, 10000, 243, 3634300
InsertionSort, 10000, 244, 3570600
InsertionSort, 10000, 245, 3588200
InsertionSort, 10000, 246, 3580100
InsertionSort, 10000, 247, 3578700
InsertionSort, 10000, 248, 3530600
InsertionSort, 10000, 249, 3576700
InsertionSort, 10000, 250, 3491000
InsertionSort, 10000, 251, 4664000
InsertionSort, 10000, 252, 3626100
InsertionSort, 10000, 253, 3571400
InsertionSort, 10000, 254, 3533400
InsertionSort, 10000, 255, 3584200
InsertionSort, 10000, 256, 3491800
InsertionSort, 10000, 257, 4611300
InsertionSort, 10000, 258, 3602000
InsertionSort, 10000, 259, 3638200
InsertionSort, 10000, 260, 3675800
InsertionSort, 10000, 261, 4805900
InsertionSort, 10000, 262, 3544000
InsertionSort, 10000, 263, 3553600
InsertionSort, 10000, 264, 3735600
InsertionSort, 10000, 265, 3621800
InsertionSort, 10000, 266, 3601300
InsertionSort, 10000, 267, 3668000
InsertionSort, 10000, 268, 3603100
InsertionSort, 10000, 269, 3609600
InsertionSort, 10000, 270, 4778900
InsertionSort, 10000, 271, 3595100
InsertionSort, 10000, 272, 3651000
InsertionSort, 10000, 273, 3623300
InsertionSort, 10000, 274, 3702800
InsertionSort, 10000, 275, 3647100
InsertionSort, 10000, 276, 4279400
InsertionSort, 10000, 277, 4801600
InsertionSort, 10000, 278, 3641300
InsertionSort, 10000, 279, 3682400
InsertionSort, 10000, 280, 3628800
InsertionSort, 10000, 281, 3630600
InsertionSort, 10000, 282, 3587600
InsertionSort, 10000, 283, 3603000
InsertionSort, 10000, 284, 3590100
InsertionSort, 10000, 285, 3622200
InsertionSort, 10000, 286, 3630900
InsertionSort, 10000, 287, 3641400
InsertionSort, 10000, 288, 3586400
InsertionSort, 10000, 289, 3656200
InsertionSort, 10000, 290, 3650700
InsertionSort, 10000, 291, 3514900
InsertionSort, 10000, 292, 3655800
InsertionSort, 10000, 293, 3651800
InsertionSort, 10000, 294, 3624700
InsertionSort, 10000, 295, 4787300
InsertionSort, 10000, 296, 3664700
InsertionSort, 10000, 297, 4738500
InsertionSort, 10000, 298, 3591000
InsertionSort, 10000, 299, 3660200
InsertionSort, 10000, 300, 3705100
InsertionSort, 10000, 301, 3669500
InsertionSort, 10000, 302, 3637600
InsertionSort, 10000, 303, 3626800
InsertionSort, 10000, 304, 3611700
InsertionSort, 10000, 305, 3719900
InsertionSort, 10000, 306, 3646300
InsertionSort, 10000, 307, 3659700
InsertionSort, 10000, 308, 3632400
InsertionSort, 10000, 309, 3586000
InsertionSort, 10000, 310, 4845000
InsertionSort, 10000, 311, 3859600
InsertionSort, 10000, 312, 3659100
InsertionSort, 10000, 313, 3886700
InsertionSort, 10000, 314, 3627400
InsertionSort, 10000, 315, 3635100
InsertionSort, 10000, 316, 3611300
InsertionSort, 10000, 317, 3771100
InsertionSort, 10000, 318, 3686000
InsertionSort, 10000, 319, 3574300
InsertionSort, 10000, 320, 3647300
InsertionSort, 10000, 321, 3624100
InsertionSort, 10000, 322, 3591300
InsertionSort, 10000, 323, 3626500
InsertionSort, 10000, 324, 4766200
InsertionSort, 10000, 325, 4781500
InsertionSort, 10000, 326, 3697100
InsertionSort, 10000, 327, 3750000
InsertionSort, 10000, 328, 3624900
InsertionSort, 10000, 329, 4724700
InsertionSort, 10000, 330, 4787200
InsertionSort, 10000, 331, 3706100
InsertionSort, 10000, 332, 3655800
InsertionSort, 10000, 333, 4831000
InsertionSort, 10000, 334, 3692400
InsertionSort, 10000, 335, 3599100
InsertionSort, 10000, 336, 3630800
InsertionSort, 10000, 337, 3628300
InsertionSort, 10000, 338, 3607300
InsertionSort, 10000, 339, 3587700
InsertionSort, 10000, 340, 4820400
InsertionSort, 10000, 341, 3894400
InsertionSort, 10000, 342, 3642600
InsertionSort, 10000, 343, 3668200
InsertionSort, 10000, 344, 3717400
InsertionSort, 10000, 345, 3598400
InsertionSort, 10000, 346, 3562400
InsertionSort, 10000, 347, 3561700
InsertionSort, 10000, 348, 3563400
InsertionSort, 10000, 349, 3538900
InsertionSort, 10000, 350, 3590100
InsertionSort, 10000, 351, 3554000
InsertionSort, 10000, 352, 3561700
InsertionSort, 10000, 353, 3580900
InsertionSort, 10000, 354, 3566100
InsertionSort, 10000, 355, 3542800
InsertionSort, 10000, 356, 3690200
InsertionSort, 10000, 357, 3539800
InsertionSort, 10000, 358, 3556800
InsertionSort, 10000, 359, 3521500
InsertionSort, 10000, 360, 3503400
InsertionSort, 10000, 361, 3677300
InsertionSort, 10000, 362, 3548900
InsertionSort, 10000, 363, 4676500
InsertionSort, 10000, 364, 4709000
InsertionSort, 10000, 365, 4648700
InsertionSort, 10000, 366, 4645800
InsertionSort, 10000, 367, 4700900
InsertionSort, 10000, 368, 4721000
InsertionSort, 10000, 369, 4722600
InsertionSort, 10000, 370, 4730100
InsertionSort, 10000, 371, 3626900
InsertionSort, 10000, 372, 3543800
InsertionSort, 10000, 373, 3546000
InsertionSort, 10000, 374, 3563600
InsertionSort, 10000, 375, 4684900
InsertionSort, 10000, 376, 4697600
InsertionSort, 10000, 377, 3537900
InsertionSort, 10000, 378, 3699300
InsertionSort, 10000, 379, 3553800
InsertionSort, 10000, 380, 4713900
InsertionSort, 10000, 381, 4710300
InsertionSort, 10000, 382, 4669500
InsertionSort, 10000, 383, 3576300
InsertionSort, 10000, 384, 4725700
InsertionSort, 10000, 385, 3713700
InsertionSort, 10000, 386, 3660700
InsertionSort, 10000, 387, 4788900
InsertionSort, 10000, 388, 3585600
InsertionSort, 10000, 389, 4750500
InsertionSort, 10000, 390, 4611800
InsertionSort, 10000, 391, 3642400
InsertionSort, 10000, 392, 3702300
InsertionSort, 10000, 393, 3661800
InsertionSort, 10000, 394, 3523500
InsertionSort, 10000, 395, 3637800
InsertionSort, 10000, 396, 4778600
InsertionSort, 10000, 397, 3691000
InsertionSort, 10000, 398, 3643600
InsertionSort, 10000, 399, 3623700
InsertionSort, 10000, 400, 3693600
InsertionSort, 10000, 401, 3617500
InsertionSort, 10000, 402, 3753500
InsertionSort, 10000, 403, 3611300
InsertionSort, 10000, 404, 3612700
InsertionSort, 10000, 405, 3651800
InsertionSort, 10000, 406, 3673700
InsertionSort, 10000, 407, 4733500
InsertionSort, 10000, 408, 3636100
InsertionSort, 10000, 409, 3615100
InsertionSort, 10000, 410, 3553000
InsertionSort, 10000, 411, 3910300
InsertionSort, 10000, 412, 3536300
InsertionSort, 10000, 413, 3565500
InsertionSort, 10000, 414, 4748200
InsertionSort, 10000, 415, 3519200
InsertionSort, 10000, 416, 3525000
InsertionSort, 10000, 417, 3562400
InsertionSort, 10000, 418, 3614800
InsertionSort, 10000, 419, 3541600
InsertionSort, 10000, 420, 3526900
InsertionSort, 10000, 421, 3516500
InsertionSort, 10000, 422, 3555300
InsertionSort, 10000, 423, 4657500
InsertionSort, 10000, 424, 3556000
InsertionSort, 10000, 425, 3575400
InsertionSort, 10000, 426, 4643500
InsertionSort, 10000, 427, 4687600
InsertionSort, 10000, 428, 4673600
InsertionSort, 10000, 429, 3516800
InsertionSort, 10000, 430, 3541000
InsertionSort, 10000, 431, 3682500
InsertionSort, 10000, 432, 3559800
InsertionSort, 10000, 433, 3529900
InsertionSort, 10000, 434, 3563400
InsertionSort, 10000, 435, 3564400
InsertionSort, 10000, 436, 3572100
InsertionSort, 10000, 437, 3558900
InsertionSort, 10000, 438, 3561700
InsertionSort, 10000, 439, 3547900
InsertionSort, 10000, 440, 3524900
InsertionSort, 10000, 441, 3551700
InsertionSort, 10000, 442, 3563300
InsertionSort, 10000, 443, 3689400
InsertionSort, 10000, 444, 3559200
InsertionSort, 10000, 445, 3495100
InsertionSort, 10000, 446, 3539300
InsertionSort, 10000, 447, 3579100
InsertionSort, 10000, 448, 3585600
InsertionSort, 10000, 449, 3574600
InsertionSort, 10000, 450, 3548400
InsertionSort, 10000, 451, 3569200
InsertionSort, 10000, 452, 3599600
InsertionSort, 10000, 453, 3538700
InsertionSort, 10000, 454, 3557500
InsertionSort, 10000, 455, 3557800
InsertionSort, 10000, 456, 3564300
InsertionSort, 10000, 457, 3581000
InsertionSort, 10000, 458, 3552900
InsertionSort, 10000, 459, 4685900
InsertionSort, 10000, 460, 4650000
InsertionSort, 10000, 461, 3593200
InsertionSort, 10000, 462, 3590700
InsertionSort, 10000, 463, 4658900
InsertionSort, 10000, 464, 3537500
InsertionSort, 10000, 465, 3591500
InsertionSort, 10000, 466, 3553900
InsertionSort, 10000, 467, 3579200
InsertionSort, 10000, 468, 3798300
InsertionSort, 10000, 469, 3593800
InsertionSort, 10000, 470, 4748000
InsertionSort, 10000, 471, 3588000
InsertionSort, 10000, 472, 4799500
InsertionSort, 10000, 473, 4771300
InsertionSort, 10000, 474, 3584100
InsertionSort, 10000, 475, 3628900
InsertionSort, 10000, 476, 4817400
InsertionSort, 10000, 477, 4790200
InsertionSort, 10000, 478, 3657000
InsertionSort, 10000, 479, 4792300
InsertionSort, 10000, 480, 4779600
InsertionSort, 10000, 481, 3644900
InsertionSort, 10000, 482, 3654800
InsertionSort, 10000, 483, 3646000
InsertionSort, 10000, 484, 3612100
InsertionSort, 10000, 485, 4012500
InsertionSort, 10000, 486, 3585800
InsertionSort, 10000, 487, 3552000
InsertionSort, 10000, 488, 4873400
InsertionSort, 10000, 489, 4768200
InsertionSort, 10000, 490, 3611600
InsertionSort, 10000, 491, 3719200
InsertionSort, 10000, 492, 3581300
InsertionSort, 10000, 493, 3596200
InsertionSort, 10000, 494, 4850400
InsertionSort, 10000, 495, 4758500
InsertionSort, 10000, 496, 4751500
InsertionSort, 10000, 497, 4821500
InsertionSort, 10000, 498, 4762200
InsertionSort, 10000, 499, 3682900
InsertionSort, 10000, 500, 4818600
InsertionSort, 10000, 501, 4789100
InsertionSort, 10000, 502, 3608800
InsertionSort, 10000, 503, 3649600
InsertionSort, 10000, 504, 3579800
InsertionSort, 10000, 505, 3616000
InsertionSort, 10000, 506, 3604300
InsertionSort, 10000, 507, 3668700
InsertionSort, 10000, 508, 4024700
InsertionSort, 10000, 509, 3680100
InsertionSort, 10000, 510, 4834700
InsertionSort, 10000, 511, 3758900
InsertionSort, 10000, 512, 3688400
InsertionSort, 10000, 513, 3607200
InsertionSort, 10000, 514, 3720000
InsertionSort, 10000, 515, 3634900
InsertionSort, 10000, 516, 4744800
InsertionSort, 10000, 517, 3683300
InsertionSort, 10000, 518, 4783400
InsertionSort, 10000, 519, 3596100
InsertionSort, 10000, 520, 3673500
InsertionSort, 10000, 521, 3602900
InsertionSort, 10000, 522, 3639600
InsertionSort, 10000, 523, 3642400
InsertionSort, 10000, 524, 3606600
InsertionSort, 10000, 525, 4299900
InsertionSort, 10000, 526, 3600000
InsertionSort, 10000, 527, 4780300
InsertionSort, 10000, 528, 4689800
InsertionSort, 10000, 529, 3606200
InsertionSort, 10000, 530, 3591100
InsertionSort, 10000, 531, 3592800
InsertionSort, 10000, 532, 3625000
InsertionSort, 10000, 533, 4784300
InsertionSort, 10000, 534, 4750900
InsertionSort, 10000, 535, 3617800
InsertionSort, 10000, 536, 3647700
InsertionSort, 10000, 537, 4358600
InsertionSort, 10000, 538, 3652800
InsertionSort, 10000, 539, 4284200
InsertionSort, 10000, 540, 3558800
InsertionSort, 10000, 541, 3537900
InsertionSort, 10000, 542, 3563800
InsertionSort, 10000, 543, 3532600
InsertionSort, 10000, 544, 3522700
InsertionSort, 10000, 545, 3540800
InsertionSort, 10000, 546, 4003000
InsertionSort, 10000, 547, 3621200
InsertionSort, 10000, 548, 3647000
InsertionSort, 10000, 549, 4731000
InsertionSort, 10000, 550, 3504400
InsertionSort, 10000, 551, 3563700
InsertionSort, 10000, 552, 3529800
InsertionSort, 10000, 553, 3548100
InsertionSort, 10000, 554, 3550100
InsertionSort, 10000, 555, 3502900
InsertionSort, 10000, 556, 3539400
InsertionSort, 10000, 557, 3503000
InsertionSort, 10000, 558, 3513100
InsertionSort, 10000, 559, 3489500
InsertionSort, 10000, 560, 3557700
InsertionSort, 10000, 561, 3584300
InsertionSort, 10000, 562, 3565900
InsertionSort, 10000, 563, 3572900
InsertionSort, 10000, 564, 3585200
InsertionSort, 10000, 565, 3675100
InsertionSort, 10000, 566, 3560500
InsertionSort, 10000, 567, 3926300
InsertionSort, 10000, 568, 3590000
InsertionSort, 10000, 569, 4641200
InsertionSort, 10000, 570, 4634900
InsertionSort, 10000, 571, 3611200
InsertionSort, 10000, 572, 3560400
InsertionSort, 10000, 573, 3519000
InsertionSort, 10000, 574, 3564500
InsertionSort, 10000, 575, 3554100
InsertionSort, 10000, 576, 6961200
InsertionSort, 10000, 577, 4691100
InsertionSort, 10000, 578, 4660400
InsertionSort, 10000, 579, 4626000
InsertionSort, 10000, 580, 4698600
InsertionSort, 10000, 581, 3572400
InsertionSort, 10000, 582, 3571800
InsertionSort, 10000, 583, 4336000
InsertionSort, 10000, 584, 3636700
InsertionSort, 10000, 585, 3566900
InsertionSort, 10000, 586, 3574300
InsertionSort, 10000, 587, 3576100
InsertionSort, 10000, 588, 3577200
InsertionSort, 10000, 589, 3537000
InsertionSort, 10000, 590, 3599800
InsertionSort, 10000, 591, 3551500
InsertionSort, 10000, 592, 4668400
InsertionSort, 10000, 593, 4709200
InsertionSort, 10000, 594, 3974400
InsertionSort, 10000, 595, 3527200
InsertionSort, 10000, 596, 3617000
InsertionSort, 10000, 597, 3681900
InsertionSort, 10000, 598, 3596500
InsertionSort, 10000, 599, 3609300
InsertionSort, 10000, 600, 3561800
InsertionSort, 10000, 601, 3557500
InsertionSort, 10000, 602, 3588300
InsertionSort, 10000, 603, 4611800
InsertionSort, 10000, 604, 4705500
InsertionSort, 10000, 605, 4643400
InsertionSort, 10000, 606, 4705000
InsertionSort, 10000, 607, 4711500
InsertionSort, 10000, 608, 3548900
InsertionSort, 10000, 609, 3550700
InsertionSort, 10000, 610, 3572200
InsertionSort, 10000, 611, 3533600
InsertionSort, 10000, 612, 3540800
InsertionSort, 10000, 613, 3574900
InsertionSort, 10000, 614, 3527200
InsertionSort, 10000, 615, 3539600
InsertionSort, 10000, 616, 3542300
InsertionSort, 10000, 617, 3519800
InsertionSort, 10000, 618, 3603200
InsertionSort, 10000, 619, 3540500
InsertionSort, 10000, 620, 3505400
InsertionSort, 10000, 621, 3562800
InsertionSort, 10000, 622, 4688000
InsertionSort, 10000, 623, 4702000
InsertionSort, 10000, 624, 3549400
InsertionSort, 10000, 625, 3560100
InsertionSort, 10000, 626, 4672000
InsertionSort, 10000, 627, 4696500
InsertionSort, 10000, 628, 3515300
InsertionSort, 10000, 629, 3579300
InsertionSort, 10000, 630, 3570200
InsertionSort, 10000, 631, 3539600
InsertionSort, 10000, 632, 3558400
InsertionSort, 10000, 633, 3597800
InsertionSort, 10000, 634, 3546500
InsertionSort, 10000, 635, 3605700
InsertionSort, 10000, 636, 3588600
InsertionSort, 10000, 637, 3894100
InsertionSort, 10000, 638, 3736300
InsertionSort, 10000, 639, 3650400
InsertionSort, 10000, 640, 3669600
InsertionSort, 10000, 641, 3618700
InsertionSort, 10000, 642, 3611900
InsertionSort, 10000, 643, 3561900
InsertionSort, 10000, 644, 3539600
InsertionSort, 10000, 645, 3549900
InsertionSort, 10000, 646, 4657200
InsertionSort, 10000, 647, 3548500
InsertionSort, 10000, 648, 4672700
InsertionSort, 10000, 649, 3505600
InsertionSort, 10000, 650, 3554900
InsertionSort, 10000, 651, 3522600
InsertionSort, 10000, 652, 3565700
InsertionSort, 10000, 653, 3551300
InsertionSort, 10000, 654, 3534700
InsertionSort, 10000, 655, 3567200
InsertionSort, 10000, 656, 3558000
InsertionSort, 10000, 657, 3554800
InsertionSort, 10000, 658, 3570200
InsertionSort, 10000, 659, 3538300
InsertionSort, 10000, 660, 3533700
InsertionSort, 10000, 661, 3520600
InsertionSort, 10000, 662, 3540000
InsertionSort, 10000, 663, 3545300
InsertionSort, 10000, 664, 3535000
InsertionSort, 10000, 665, 3552000
InsertionSort, 10000, 666, 3523000
InsertionSort, 10000, 667, 3543400
InsertionSort, 10000, 668, 3612700
InsertionSort, 10000, 669, 3615000
InsertionSort, 10000, 670, 3564300
InsertionSort, 10000, 671, 3523700
InsertionSort, 10000, 672, 3518500
InsertionSort, 10000, 673, 3522800
InsertionSort, 10000, 674, 3519400
InsertionSort, 10000, 675, 3558100
InsertionSort, 10000, 676, 3525100
InsertionSort, 10000, 677, 3566000
InsertionSort, 10000, 678, 3568300
InsertionSort, 10000, 679, 3530800
InsertionSort, 10000, 680, 3569500
InsertionSort, 10000, 681, 3518700
InsertionSort, 10000, 682, 3540600
InsertionSort, 10000, 683, 3597100
InsertionSort, 10000, 684, 3533900
InsertionSort, 10000, 685, 3573700
InsertionSort, 10000, 686, 3576000
InsertionSort, 10000, 687, 3553700
InsertionSort, 10000, 688, 3566900
InsertionSort, 10000, 689, 3558000
InsertionSort, 10000, 690, 3564900
InsertionSort, 10000, 691, 3591800
InsertionSort, 10000, 692, 3524100
InsertionSort, 10000, 693, 3541300
InsertionSort, 10000, 694, 3571700
InsertionSort, 10000, 695, 3536900
InsertionSort, 10000, 696, 3530900
InsertionSort, 10000, 697, 3538400
InsertionSort, 10000, 698, 4661400
InsertionSort, 10000, 699, 4703100
InsertionSort, 10000, 700, 4759400
InsertionSort, 10000, 701, 4662700
InsertionSort, 10000, 702, 4698000
InsertionSort, 10000, 703, 3939000
InsertionSort, 10000, 704, 3560700
InsertionSort, 10000, 705, 3587800
InsertionSort, 10000, 706, 3537900
InsertionSort, 10000, 707, 3565600
InsertionSort, 10000, 708, 3515000
InsertionSort, 10000, 709, 3534200
InsertionSort, 10000, 710, 4677100
InsertionSort, 10000, 711, 3732400
InsertionSort, 10000, 712, 3594900
InsertionSort, 10000, 713, 3530500
InsertionSort, 10000, 714, 3559100
InsertionSort, 10000, 715, 3567100
InsertionSort, 10000, 716, 3601800
InsertionSort, 10000, 717, 3524800
InsertionSort, 10000, 718, 3572500
InsertionSort, 10000, 719, 4672600
InsertionSort, 10000, 720, 4693200
InsertionSort, 10000, 721, 4691400
InsertionSort, 10000, 722, 4682500
InsertionSort, 10000, 723, 4706100
InsertionSort, 10000, 724, 4094100
InsertionSort, 10000, 725, 3515000
InsertionSort, 10000, 726, 3580600
InsertionSort, 10000, 727, 3556600
InsertionSort, 10000, 728, 3529500
InsertionSort, 10000, 729, 3565800
InsertionSort, 10000, 730, 3574700
InsertionSort, 10000, 731, 3569900
InsertionSort, 10000, 732, 3568100
InsertionSort, 10000, 733, 3543100
InsertionSort, 10000, 734, 3600000
InsertionSort, 10000, 735, 3480100
InsertionSort, 10000, 736, 3532600
InsertionSort, 10000, 737, 3605200
InsertionSort, 10000, 738, 3558500
InsertionSort, 10000, 739, 3537100
InsertionSort, 10000, 740, 3563800
InsertionSort, 10000, 741, 3544800
InsertionSort, 10000, 742, 3579300
InsertionSort, 10000, 743, 3585000
InsertionSort, 10000, 744, 4656000
InsertionSort, 10000, 745, 4630400
InsertionSort, 10000, 746, 4719200
InsertionSort, 10000, 747, 3539200
InsertionSort, 10000, 748, 3535700
InsertionSort, 10000, 749, 3531600
InsertionSort, 10000, 750, 3568000
InsertionSort, 10000, 751, 3564500
InsertionSort, 10000, 752, 3563000
InsertionSort, 10000, 753, 3542100
InsertionSort, 10000, 754, 3583400
InsertionSort, 10000, 755, 3569600
InsertionSort, 10000, 756, 3525300
InsertionSort, 10000, 757, 3538200
InsertionSort, 10000, 758, 3534900
InsertionSort, 10000, 759, 3543300
InsertionSort, 10000, 760, 3566100
InsertionSort, 10000, 761, 3534900
InsertionSort, 10000, 762, 3540300
InsertionSort, 10000, 763, 3554100
InsertionSort, 10000, 764, 3540400
InsertionSort, 10000, 765, 3583700
InsertionSort, 10000, 766, 4695100
InsertionSort, 10000, 767, 4677700
InsertionSort, 10000, 768, 4661100
InsertionSort, 10000, 769, 4723800
InsertionSort, 10000, 770, 4684200
InsertionSort, 10000, 771, 4719200
InsertionSort, 10000, 772, 3652100
InsertionSort, 10000, 773, 3662200
InsertionSort, 10000, 774, 3573000
InsertionSort, 10000, 775, 3543100
InsertionSort, 10000, 776, 3501800
InsertionSort, 10000, 777, 3545700
InsertionSort, 10000, 778, 3489600
InsertionSort, 10000, 779, 3535200
InsertionSort, 10000, 780, 3534400
InsertionSort, 10000, 781, 3520500
InsertionSort, 10000, 782, 3620200
InsertionSort, 10000, 783, 3720800
InsertionSort, 10000, 784, 3648500
InsertionSort, 10000, 785, 3623500
InsertionSort, 10000, 786, 3646700
InsertionSort, 10000, 787, 3656600
InsertionSort, 10000, 788, 3589200
InsertionSort, 10000, 789, 3609400
InsertionSort, 10000, 790, 3596300
InsertionSort, 10000, 791, 3576000
InsertionSort, 10000, 792, 3647900
InsertionSort, 10000, 793, 4766100
InsertionSort, 10000, 794, 4820700
InsertionSort, 10000, 795, 4748400
InsertionSort, 10000, 796, 3598600
InsertionSort, 10000, 797, 3654700
InsertionSort, 10000, 798, 3629600
InsertionSort, 10000, 799, 3609900
InsertionSort, 10000, 800, 3582800
InsertionSort, 10000, 801, 3680000
InsertionSort, 10000, 802, 3605200
InsertionSort, 10000, 803, 3662900
InsertionSort, 10000, 804, 3595200
InsertionSort, 10000, 805, 3608600
InsertionSort, 10000, 806, 3623200
InsertionSort, 10000, 807, 3640100
InsertionSort, 10000, 808, 3564400
InsertionSort, 10000, 809, 3633700
InsertionSort, 10000, 810, 3648200
InsertionSort, 10000, 811, 3648100
InsertionSort, 10000, 812, 4618600
InsertionSort, 10000, 813, 3640900
InsertionSort, 10000, 814, 3628600
InsertionSort, 10000, 815, 3632000
InsertionSort, 10000, 816, 3615200
InsertionSort, 10000, 817, 3636400
InsertionSort, 10000, 818, 3606300
InsertionSort, 10000, 819, 4773100
InsertionSort, 10000, 820, 3608800
InsertionSort, 10000, 821, 4826600
InsertionSort, 10000, 822, 3633700
InsertionSort, 10000, 823, 3635300
InsertionSort, 10000, 824, 3593300
InsertionSort, 10000, 825, 3636600
InsertionSort, 10000, 826, 3661600
InsertionSort, 10000, 827, 3572000
InsertionSort, 10000, 828, 3622200
InsertionSort, 10000, 829, 3632400
InsertionSort, 10000, 830, 3666600
InsertionSort, 10000, 831, 3640500
InsertionSort, 10000, 832, 3620400
InsertionSort, 10000, 833, 3607000
InsertionSort, 10000, 834, 3600300
InsertionSort, 10000, 835, 3561200
InsertionSort, 10000, 836, 4624400
InsertionSort, 10000, 837, 3556300
InsertionSort, 10000, 838, 3599500
InsertionSort, 10000, 839, 3636100
InsertionSort, 10000, 840, 3656200
InsertionSort, 10000, 841, 4782700
InsertionSort, 10000, 842, 3663300
InsertionSort, 10000, 843, 3626400
InsertionSort, 10000, 844, 3625300
InsertionSort, 10000, 845, 3634500
InsertionSort, 10000, 846, 4807800
InsertionSort, 10000, 847, 4717700
InsertionSort, 10000, 848, 4743800
InsertionSort, 10000, 849, 3622000
InsertionSort, 10000, 850, 3644300
InsertionSort, 10000, 851, 4759500
InsertionSort, 10000, 852, 4747200
InsertionSort, 10000, 853, 4851400
InsertionSort, 10000, 854, 3616200
InsertionSort, 10000, 855, 3683400
InsertionSort, 10000, 856, 3564100
InsertionSort, 10000, 857, 3685400
InsertionSort, 10000, 858, 3673500
InsertionSort, 10000, 859, 3638100
InsertionSort, 10000, 860, 4769700
InsertionSort, 10000, 861, 3726600
InsertionSort, 10000, 862, 3619200
InsertionSort, 10000, 863, 3609300
InsertionSort, 10000, 864, 3663600
InsertionSort, 10000, 865, 3588500
InsertionSort, 10000, 866, 3638000
InsertionSort, 10000, 867, 3620900
InsertionSort, 10000, 868, 3565600
InsertionSort, 10000, 869, 3642000
InsertionSort, 10000, 870, 3654100
InsertionSort, 10000, 871, 3551500
InsertionSort, 10000, 872, 3649300
InsertionSort, 10000, 873, 3581600
InsertionSort, 10000, 874, 3571300
InsertionSort, 10000, 875, 4761800
InsertionSort, 10000, 876, 4751800
InsertionSort, 10000, 877, 4409300
InsertionSort, 10000, 878, 3665700
InsertionSort, 10000, 879, 3688100
InsertionSort, 10000, 880, 3667300
InsertionSort, 10000, 881, 3617200
InsertionSort, 10000, 882, 3663200
InsertionSort, 10000, 883, 3716200
InsertionSort, 10000, 884, 3710800
InsertionSort, 10000, 885, 3666400
InsertionSort, 10000, 886, 3606300
InsertionSort, 10000, 887, 3693600
InsertionSort, 10000, 888, 3631300
InsertionSort, 10000, 889, 3588500
InsertionSort, 10000, 890, 4830900
InsertionSort, 10000, 891, 3609000
InsertionSort, 10000, 892, 3677700
InsertionSort, 10000, 893, 3565700
InsertionSort, 10000, 894, 3657200
InsertionSort, 10000, 895, 3603900
InsertionSort, 10000, 896, 3646400
InsertionSort, 10000, 897, 3584100
InsertionSort, 10000, 898, 3588600
InsertionSort, 10000, 899, 3639700
InsertionSort, 10000, 900, 3571200
InsertionSort, 10000, 901, 4778000
InsertionSort, 10000, 902, 3623600
InsertionSort, 10000, 903, 3567400
InsertionSort, 10000, 904, 4877700
InsertionSort, 10000, 905, 3804300
InsertionSort, 10000, 906, 3708600
InsertionSort, 10000, 907, 3595600
InsertionSort, 10000, 908, 3637800
InsertionSort, 10000, 909, 3558900
InsertionSort, 10000, 910, 3668900
InsertionSort, 10000, 911, 3647700
InsertionSort, 10000, 912, 4740200
InsertionSort, 10000, 913, 4845200
InsertionSort, 10000, 914, 3658700
InsertionSort, 10000, 915, 3643700
InsertionSort, 10000, 916, 3598700
InsertionSort, 10000, 917, 4768700
InsertionSort, 10000, 918, 3657900
InsertionSort, 10000, 919, 4704000
InsertionSort, 10000, 920, 3584900
InsertionSort, 10000, 921, 3517500
InsertionSort, 10000, 922, 3560800
InsertionSort, 10000, 923, 3512000
InsertionSort, 10000, 924, 3530300
InsertionSort, 10000, 925, 3726700
InsertionSort, 10000, 926, 3637000
InsertionSort, 10000, 927, 4900400
InsertionSort, 10000, 928, 3730700
InsertionSort, 10000, 929, 4985000
InsertionSort, 10000, 930, 4810900
InsertionSort, 10000, 931, 4952900
InsertionSort, 10000, 932, 3623600
InsertionSort, 10000, 933, 3729900
InsertionSort, 10000, 934, 4513700
InsertionSort, 10000, 935, 4603400
InsertionSort, 10000, 936, 3910600
InsertionSort, 10000, 937, 5207900
InsertionSort, 10000, 938, 4053600
InsertionSort, 10000, 939, 4043300
InsertionSort, 10000, 940, 3887200
InsertionSort, 10000, 941, 3889200
InsertionSort, 10000, 942, 3770600
InsertionSort, 10000, 943, 3710500
InsertionSort, 10000, 944, 3636300
InsertionSort, 10000, 945, 3886600
InsertionSort, 10000, 946, 3698500
InsertionSort, 10000, 947, 3734400
InsertionSort, 10000, 948, 3843600
InsertionSort, 10000, 949, 3630400
InsertionSort, 10000, 950, 4500000
InsertionSort, 10000, 951, 3638900
InsertionSort, 10000, 952, 4663400
InsertionSort, 10000, 953, 4804100
InsertionSort, 10000, 954, 3671200
InsertionSort, 10000, 955, 3572400
InsertionSort, 10000, 956, 4700700
InsertionSort, 10000, 957, 3717600
InsertionSort, 10000, 958, 3602600
InsertionSort, 10000, 959, 3769100
InsertionSort, 10000, 960, 4025300
InsertionSort, 10000, 961, 3757600
InsertionSort, 10000, 962, 3728200
InsertionSort, 10000, 963, 3698600
InsertionSort, 10000, 964, 4459400
InsertionSort, 10000, 965, 3667200
InsertionSort, 10000, 966, 3686300
InsertionSort, 10000, 967, 3775700
InsertionSort, 10000, 968, 3648200
InsertionSort, 10000, 969, 3750600
InsertionSort, 10000, 970, 3594100
InsertionSort, 10000, 971, 3660900
InsertionSort, 10000, 972, 3768100
InsertionSort, 10000, 973, 3604000
InsertionSort, 10000, 974, 3691300
InsertionSort, 10000, 975, 3616300
InsertionSort, 10000, 976, 3702900
InsertionSort, 10000, 977, 3610200
InsertionSort, 10000, 978, 3712600
InsertionSort, 10000, 979, 3631700
InsertionSort, 10000, 980, 3755100
InsertionSort, 10000, 981, 4868700
InsertionSort, 10000, 982, 3593300
InsertionSort, 10000, 983, 4062300
InsertionSort, 10000, 984, 3668700
InsertionSort, 10000, 985, 4270400
InsertionSort, 10000, 986, 3749100
InsertionSort, 10000, 987, 3632500
InsertionSort, 10000, 988, 3868400
InsertionSort, 10000, 989, 3635600
InsertionSort, 10000, 990, 3668000
InsertionSort, 10000, 991, 3578700
InsertionSort, 10000, 992, 3750100
InsertionSort, 10000, 993, 3753000
InsertionSort, 10000, 994, 3744500
InsertionSort, 10000, 995, 3800500
InsertionSort, 10000, 996, 3692900
InsertionSort, 10000, 997, 3530700
InsertionSort, 10000, 998, 4721100
InsertionSort, 10000, 999, 4329000
InsertionSort, 10000, 1000, 3566400
SelectionSort, 10000, 1, 11717000
SelectionSort, 10000, 2, 8080400
SelectionSort, 10000, 3, 8727600
SelectionSort, 10000, 4, 11015300
SelectionSort, 10000, 5, 12048200
SelectionSort, 10000, 6, 12070700
SelectionSort, 10000, 7, 12012500
SelectionSort, 10000, 8, 11962000
SelectionSort, 10000, 9, 7576400
SelectionSort, 10000, 10, 8765300
SelectionSort, 10000, 11, 9777900
SelectionSort, 10000, 12, 10001500
SelectionSort, 10000, 13, 12104800
SelectionSort, 10000, 14, 11621500
SelectionSort, 10000, 15, 9794800
SelectionSort, 10000, 16, 9769300
SelectionSort, 10000, 17, 9794300
SelectionSort, 10000, 18, 9764800
SelectionSort, 10000, 19, 11494800
SelectionSort, 10000, 20, 11999300
SelectionSort, 10000, 21, 11991700
SelectionSort, 10000, 22, 12019800
SelectionSort, 10000, 23, 8092200
SelectionSort, 10000, 24, 8347100
SelectionSort, 10000, 25, 7563300
SelectionSort, 10000, 26, 7547600
SelectionSort, 10000, 27, 11055200
SelectionSort, 10000, 28, 11197100
SelectionSort, 10000, 29, 11987100
SelectionSort, 10000, 30, 12144100
SelectionSort, 10000, 31, 10304100
SelectionSort, 10000, 32, 9787100
SelectionSort, 10000, 33, 9725800
SelectionSort, 10000, 34, 10379600
SelectionSort, 10000, 35, 12043000
SelectionSort, 10000, 36, 12057900
SelectionSort, 10000, 37, 10121900
SelectionSort, 10000, 38, 11568700
SelectionSort, 10000, 39, 12013400
SelectionSort, 10000, 40, 11996100
SelectionSort, 10000, 41, 11491200
SelectionSort, 10000, 42, 10089100
SelectionSort, 10000, 43, 10229100
SelectionSort, 10000, 44, 9768000
SelectionSort, 10000, 45, 9746700
SelectionSort, 10000, 46, 11993100
SelectionSort, 10000, 47, 9761300
SelectionSort, 10000, 48, 9740700
SelectionSort, 10000, 49, 9784200
SelectionSort, 10000, 50, 9756100
SelectionSort, 10000, 51, 11005700
SelectionSort, 10000, 52, 12042000
SelectionSort, 10000, 53, 12019200
SelectionSort, 10000, 54, 12030100
SelectionSort, 10000, 55, 12060000
SelectionSort, 10000, 56, 12015000
SelectionSort, 10000, 57, 12024300
SelectionSort, 10000, 58, 8436800
SelectionSort, 10000, 59, 7694600
SelectionSort, 10000, 60, 7671800
SelectionSort, 10000, 61, 7986600
SelectionSort, 10000, 62, 9725900
SelectionSort, 10000, 63, 12039500
SelectionSort, 10000, 64, 12018700
SelectionSort, 10000, 65, 11991200
SelectionSort, 10000, 66, 11985400
SelectionSort, 10000, 67, 10669100
SelectionSort, 10000, 68, 9777100
SelectionSort, 10000, 69, 9789500
SelectionSort, 10000, 70, 9757300
SelectionSort, 10000, 71, 9721700
SelectionSort, 10000, 72, 10288900
SelectionSort, 10000, 73, 9859200
SelectionSort, 10000, 74, 8031400
SelectionSort, 10000, 75, 7868500
SelectionSort, 10000, 76, 10722800
SelectionSort, 10000, 77, 11978700
SelectionSort, 10000, 78, 9789600
SelectionSort, 10000, 79, 9736300
SelectionSort, 10000, 80, 9760700
SelectionSort, 10000, 81, 9899800
SelectionSort, 10000, 82, 9783400
SelectionSort, 10000, 83, 11257500
SelectionSort, 10000, 84, 12004900
SelectionSort, 10000, 85, 12051100
SelectionSort, 10000, 86, 12094100
SelectionSort, 10000, 87, 12001600
SelectionSort, 10000, 88, 12025700
SelectionSort, 10000, 89, 12272700
SelectionSort, 10000, 90, 12050000
SelectionSort, 10000, 91, 12128600
SelectionSort, 10000, 92, 11996900
SelectionSort, 10000, 93, 11608900
SelectionSort, 10000, 94, 12029600
SelectionSort, 10000, 95, 11352200
SelectionSort, 10000, 96, 10955300
SelectionSort, 10000, 97, 12023100
SelectionSort, 10000, 98, 12021600
SelectionSort, 10000, 99, 12041800
SelectionSort, 10000, 100, 12112800
SelectionSort, 10000, 101, 12036000
SelectionSort, 10000, 102, 12000800
SelectionSort, 10000, 103, 12009400
SelectionSort, 10000, 104, 12023700
SelectionSort, 10000, 105, 12022000
SelectionSort, 10000, 106, 12005200
SelectionSort, 10000, 107, 7600700
SelectionSort, 10000, 108, 7837900
SelectionSort, 10000, 109, 7646900
SelectionSort, 10000, 110, 7913300
SelectionSort, 10000, 111, 7866400
SelectionSort, 10000, 112, 8322000
SelectionSort, 10000, 113, 7794500
SelectionSort, 10000, 114, 7581100
SelectionSort, 10000, 115, 8708100
SelectionSort, 10000, 116, 7552700
SelectionSort, 10000, 117, 8257300
SelectionSort, 10000, 118, 12077800
SelectionSort, 10000, 119, 12010900
SelectionSort, 10000, 120, 12077500
SelectionSort, 10000, 121, 12062400
SelectionSort, 10000, 122, 12827900
SelectionSort, 10000, 123, 12011300
SelectionSort, 10000, 124, 12028200
SelectionSort, 10000, 125, 11391000
SelectionSort, 10000, 126, 12076200
SelectionSort, 10000, 127, 12035100
SelectionSort, 10000, 128, 12071200
SelectionSort, 10000, 129, 12018000
SelectionSort, 10000, 130, 10157500
SelectionSort, 10000, 131, 7585000
SelectionSort, 10000, 132, 7945400
SelectionSort, 10000, 133, 8374400
SelectionSort, 10000, 134, 7537100
SelectionSort, 10000, 135, 8447000
SelectionSort, 10000, 136, 8273100
SelectionSort, 10000, 137, 8179500
SelectionSort, 10000, 138, 8608800
SelectionSort, 10000, 139, 12044600
SelectionSort, 10000, 140, 12032300
SelectionSort, 10000, 141, 11981200
SelectionSort, 10000, 142, 12010900
SelectionSort, 10000, 143, 12037600
SelectionSort, 10000, 144, 12003000
SelectionSort, 10000, 145, 12069200
SelectionSort, 10000, 146, 12022800
SelectionSort, 10000, 147, 12005400
SelectionSort, 10000, 148, 12030100
SelectionSort, 10000, 149, 12056400
SelectionSort, 10000, 150, 12050000
SelectionSort, 10000, 151, 12104700
SelectionSort, 10000, 152, 10431500
SelectionSort, 10000, 153, 10678300
SelectionSort, 10000, 154, 11077500
SelectionSort, 10000, 155, 7573000
SelectionSort, 10000, 156, 8003000
SelectionSort, 10000, 157, 12036700
SelectionSort, 10000, 158, 9460900
SelectionSort, 10000, 159, 8070700
SelectionSort, 10000, 160, 7615900
SelectionSort, 10000, 161, 7590800
SelectionSort, 10000, 162, 9748100
SelectionSort, 10000, 163, 11905400
SelectionSort, 10000, 164, 11996400
SelectionSort, 10000, 165, 12036000
SelectionSort, 10000, 166, 11733500
SelectionSort, 10000, 167, 9068200
SelectionSort, 10000, 168, 8260100
SelectionSort, 10000, 169, 7605700
SelectionSort, 10000, 170, 7550200
SelectionSort, 10000, 171, 9210500
SelectionSort, 10000, 172, 7594100
SelectionSort, 10000, 173, 7558900
SelectionSort, 10000, 174, 7947600
SelectionSort, 10000, 175, 9778000
SelectionSort, 10000, 176, 9959200
SelectionSort, 10000, 177, 9750600
SelectionSort, 10000, 178, 9788700
SelectionSort, 10000, 179, 9892000
SelectionSort, 10000, 180, 11540100
SelectionSort, 10000, 181, 8147500
SelectionSort, 10000, 182, 7946600
SelectionSort, 10000, 183, 7893900
SelectionSort, 10000, 184, 7848000
SelectionSort, 10000, 185, 12050600
SelectionSort, 10000, 186, 11466300
SelectionSort, 10000, 187, 7745800
SelectionSort, 10000, 188, 7586500
SelectionSort, 10000, 189, 11995300
SelectionSort, 10000, 190, 11978100
SelectionSort, 10000, 191, 11968700
SelectionSort, 10000, 192, 11989100
SelectionSort, 10000, 193, 11110700
SelectionSort, 10000, 194, 10624600
SelectionSort, 10000, 195, 9972900
SelectionSort, 10000, 196, 11289200
SelectionSort, 10000, 197, 9987400
SelectionSort, 10000, 198, 12017200
SelectionSort, 10000, 199, 12018400
SelectionSort, 10000, 200, 12039500
SelectionSort, 10000, 201, 12019300
SelectionSort, 10000, 202, 11610700
SelectionSort, 10000, 203, 8328900
SelectionSort, 10000, 204, 8964200
SelectionSort, 10000, 205, 9032800
SelectionSort, 10000, 206, 8093400
SelectionSort, 10000, 207, 9530400
SelectionSort, 10000, 208, 9324900
SelectionSort, 10000, 209, 12044400
SelectionSort, 10000, 210, 9752300
SelectionSort, 10000, 211, 12003100
SelectionSort, 10000, 212, 12017800
SelectionSort, 10000, 213, 12005200
SelectionSort, 10000, 214, 9185700
SelectionSort, 10000, 215, 11117100
SelectionSort, 10000, 216, 12047100
SelectionSort, 10000, 217, 12034700
SelectionSort, 10000, 218, 12011800
SelectionSort, 10000, 219, 11813500
SelectionSort, 10000, 220, 11835600
SelectionSort, 10000, 221, 11681200
SelectionSort, 10000, 222, 11546300
SelectionSort, 10000, 223, 11970500
SelectionSort, 10000, 224, 11966500
SelectionSort, 10000, 225, 11645400
SelectionSort, 10000, 226, 11978000
SelectionSort, 10000, 227, 12043100
SelectionSort, 10000, 228, 12021100
SelectionSort, 10000, 229, 12678900
SelectionSort, 10000, 230, 11970300
SelectionSort, 10000, 231, 12061600
SelectionSort, 10000, 232, 12065000
SelectionSort, 10000, 233, 11989200
SelectionSort, 10000, 234, 10639100
SelectionSort, 10000, 235, 7567500
SelectionSort, 10000, 236, 12034500
SelectionSort, 10000, 237, 12026800
SelectionSort, 10000, 238, 11969500
SelectionSort, 10000, 239, 11973000
SelectionSort, 10000, 240, 9773900
SelectionSort, 10000, 241, 11801900
SelectionSort, 10000, 242, 12061200
SelectionSort, 10000, 243, 9856200
SelectionSort, 10000, 244, 9897600
SelectionSort, 10000, 245, 12060300
SelectionSort, 10000, 246, 12062000
SelectionSort, 10000, 247, 12044400
SelectionSort, 10000, 248, 12030300
SelectionSort, 10000, 249, 12023700
SelectionSort, 10000, 250, 10056200
SelectionSort, 10000, 251, 11034800
SelectionSort, 10000, 252, 11099900
SelectionSort, 10000, 253, 11442600
SelectionSort, 10000, 254, 9991000
SelectionSort, 10000, 255, 11850100
SelectionSort, 10000, 256, 12503600
SelectionSort, 10000, 257, 11016800
SelectionSort, 10000, 258, 11714300
SelectionSort, 10000, 259, 12202400
SelectionSort, 10000, 260, 12134800
SelectionSort, 10000, 261, 8852800
SelectionSort, 10000, 262, 10742100
SelectionSort, 10000, 263, 12316200
SelectionSort, 10000, 264, 10003100
SelectionSort, 10000, 265, 9953800
SelectionSort, 10000, 266, 10220700
SelectionSort, 10000, 267, 7935700
SelectionSort, 10000, 268, 8083400
SelectionSort, 10000, 269, 9523300
SelectionSort, 10000, 270, 11964700
SelectionSort, 10000, 271, 12170800
SelectionSort, 10000, 272, 11373700
SelectionSort, 10000, 273, 12370500
SelectionSort, 10000, 274, 11599900
SelectionSort, 10000, 275, 12179100
SelectionSort, 10000, 276, 10605000
SelectionSort, 10000, 277, 10518700
SelectionSort, 10000, 278, 10268800
SelectionSort, 10000, 279, 10882400
SelectionSort, 10000, 280, 12153500
SelectionSort, 10000, 281, 12162900
SelectionSort, 10000, 282, 12257900
SelectionSort, 10000, 283, 9731700
SelectionSort, 10000, 284, 7756100
SelectionSort, 10000, 285, 7919000
SelectionSort, 10000, 286, 12279900
SelectionSort, 10000, 287, 8011200
SelectionSort, 10000, 288, 8187200
SelectionSort, 10000, 289, 9418500
SelectionSort, 10000, 290, 9652900
SelectionSort, 10000, 291, 12249700
SelectionSort, 10000, 292, 10033300
SelectionSort, 10000, 293, 12307100
SelectionSort, 10000, 294, 12334200
SelectionSort, 10000, 295, 12255500
SelectionSort, 10000, 296, 11501400
SelectionSort, 10000, 297, 11840100
SelectionSort, 10000, 298, 12126700
SelectionSort, 10000, 299, 12095300
SelectionSort, 10000, 300, 12185200
SelectionSort, 10000, 301, 10185400
SelectionSort, 10000, 302, 9300900
SelectionSort, 10000, 303, 7829400
SelectionSort, 10000, 304, 11128400
SelectionSort, 10000, 305, 9955800
SelectionSort, 10000, 306, 9943800
SelectionSort, 10000, 307, 9911400
SelectionSort, 10000, 308, 11285500
SelectionSort, 10000, 309, 11727800
SelectionSort, 10000, 310, 11222200
SelectionSort, 10000, 311, 8506300
SelectionSort, 10000, 312, 11113100
SelectionSort, 10000, 313, 12277300
SelectionSort, 10000, 314, 12292800
SelectionSort, 10000, 315, 12152700
SelectionSort, 10000, 316, 11137800
SelectionSort, 10000, 317, 9381200
SelectionSort, 10000, 318, 11692700
SelectionSort, 10000, 319, 8386500
SelectionSort, 10000, 320, 12117700
SelectionSort, 10000, 321, 12164200
SelectionSort, 10000, 322, 12237800
SelectionSort, 10000, 323, 11916500
SelectionSort, 10000, 324, 10260400
SelectionSort, 10000, 325, 10150300
SelectionSort, 10000, 326, 7725000
SelectionSort, 10000, 327, 8106400
SelectionSort, 10000, 328, 10481600
SelectionSort, 10000, 329, 12214100
SelectionSort, 10000, 330, 10112100
SelectionSort, 10000, 331, 11443500
SelectionSort, 10000, 332, 12111400
SelectionSort, 10000, 333, 12269900
SelectionSort, 10000, 334, 9962600
SelectionSort, 10000, 335, 12287800
SelectionSort, 10000, 336, 12138300
SelectionSort, 10000, 337, 12125200
SelectionSort, 10000, 338, 12127000
SelectionSort, 10000, 339, 12174000
SelectionSort, 10000, 340, 12105300
SelectionSort, 10000, 341, 9968900
SelectionSort, 10000, 342, 12118700
SelectionSort, 10000, 343, 12261900
SelectionSort, 10000, 344, 12270900
SelectionSort, 10000, 345, 12266300
SelectionSort, 10000, 346, 9819100
SelectionSort, 10000, 347, 9780500
SelectionSort, 10000, 348, 9751200
SelectionSort, 10000, 349, 7748100
SelectionSort, 10000, 350, 9735100
SelectionSort, 10000, 351, 10132100
SelectionSort, 10000, 352, 9525500
SelectionSort, 10000, 353, 7650500
SelectionSort, 10000, 354, 12059200
SelectionSort, 10000, 355, 12012600
SelectionSort, 10000, 356, 12042400
SelectionSort, 10000, 357, 12014600
SelectionSort, 10000, 358, 12015200
SelectionSort, 10000, 359, 12004700
SelectionSort, 10000, 360, 11992700
SelectionSort, 10000, 361, 7940900
SelectionSort, 10000, 362, 9760400
SelectionSort, 10000, 363, 9800000
SelectionSort, 10000, 364, 9774000
SelectionSort, 10000, 365, 11251400
SelectionSort, 10000, 366, 11377300
SelectionSort, 10000, 367, 11520900
SelectionSort, 10000, 368, 11995300
SelectionSort, 10000, 369, 11965800
SelectionSort, 10000, 370, 12005400
SelectionSort, 10000, 371, 11973300
SelectionSort, 10000, 372, 9785700
SelectionSort, 10000, 373, 9729500
SelectionSort, 10000, 374, 8297200
SelectionSort, 10000, 375, 8163800
SelectionSort, 10000, 376, 7612400
SelectionSort, 10000, 377, 8103700
SelectionSort, 10000, 378, 7601700
SelectionSort, 10000, 379, 11245700
SelectionSort, 10000, 380, 12017500
SelectionSort, 10000, 381, 7956900
SelectionSort, 10000, 382, 9532000
SelectionSort, 10000, 383, 12040100
SelectionSort, 10000, 384, 12190300
SelectionSort, 10000, 385, 11302300
SelectionSort, 10000, 386, 12372400
SelectionSort, 10000, 387, 12289400
SelectionSort, 10000, 388, 12247700
SelectionSort, 10000, 389, 12261900
SelectionSort, 10000, 390, 10623700
SelectionSort, 10000, 391, 12148700
SelectionSort, 10000, 392, 9966300
SelectionSort, 10000, 393, 9990100
SelectionSort, 10000, 394, 11374100
SelectionSort, 10000, 395, 11913500
SelectionSort, 10000, 396, 11528500
SelectionSort, 10000, 397, 12129800
SelectionSort, 10000, 398, 12168000
SelectionSort, 10000, 399, 12142500
SelectionSort, 10000, 400, 12242500
SelectionSort, 10000, 401, 12134400
SelectionSort, 10000, 402, 12136600
SelectionSort, 10000, 403, 11961700
SelectionSort, 10000, 404, 12119600
SelectionSort, 10000, 405, 12298100
SelectionSort, 10000, 406, 12261200
SelectionSort, 10000, 407, 12219500
SelectionSort, 10000, 408, 10977200
SelectionSort, 10000, 409, 12046200
SelectionSort, 10000, 410, 10758200
SelectionSort, 10000, 411, 9788100
SelectionSort, 10000, 412, 9735100
SelectionSort, 10000, 413, 8033600
SelectionSort, 10000, 414, 12041900
SelectionSort, 10000, 415, 12051800
SelectionSort, 10000, 416, 11881700
SelectionSort, 10000, 417, 12226900
SelectionSort, 10000, 418, 12029900
SelectionSort, 10000, 419, 11986100
SelectionSort, 10000, 420, 12039000
SelectionSort, 10000, 421, 12026700
SelectionSort, 10000, 422, 9877900
SelectionSort, 10000, 423, 9766700
SelectionSort, 10000, 424, 9766100
SelectionSort, 10000, 425, 8339500
SelectionSort, 10000, 426, 7764600
SelectionSort, 10000, 427, 7885800
SelectionSort, 10000, 428, 11911200
SelectionSort, 10000, 429, 12047000
SelectionSort, 10000, 430, 12013600
SelectionSort, 10000, 431, 11981200
SelectionSort, 10000, 432, 11985300
SelectionSort, 10000, 433, 12018700
SelectionSort, 10000, 434, 11964200
SelectionSort, 10000, 435, 11965000
SelectionSort, 10000, 436, 11967200
SelectionSort, 10000, 437, 11967800
SelectionSort, 10000, 438, 11464300
SelectionSort, 10000, 439, 7596800
SelectionSort, 10000, 440, 7557400
SelectionSort, 10000, 441, 8168900
SelectionSort, 10000, 442, 7650500
SelectionSort, 10000, 443, 8034600
SelectionSort, 10000, 444, 7555600
SelectionSort, 10000, 445, 7565100
SelectionSort, 10000, 446, 7952300
SelectionSort, 10000, 447, 12043400
SelectionSort, 10000, 448, 12052300
SelectionSort, 10000, 449, 12031100
SelectionSort, 10000, 450, 11985100
SelectionSort, 10000, 451, 11978500
SelectionSort, 10000, 452, 9786400
SelectionSort, 10000, 453, 9871500
SelectionSort, 10000, 454, 9761100
SelectionSort, 10000, 455, 8696000
SelectionSort, 10000, 456, 11971200
SelectionSort, 10000, 457, 12071700
SelectionSort, 10000, 458, 12039000
SelectionSort, 10000, 459, 10524000
SelectionSort, 10000, 460, 12097700
SelectionSort, 10000, 461, 12049200
SelectionSort, 10000, 462, 12074800
SelectionSort, 10000, 463, 9614600
SelectionSort, 10000, 464, 9387700
SelectionSort, 10000, 465, 11537300
SelectionSort, 10000, 466, 12079900
SelectionSort, 10000, 467, 11307900
SelectionSort, 10000, 468, 12299700
SelectionSort, 10000, 469, 12277400
SelectionSort, 10000, 470, 12285800
SelectionSort, 10000, 471, 10493900
SelectionSort, 10000, 472, 12219900
SelectionSort, 10000, 473, 12261100
SelectionSort, 10000, 474, 11046300
SelectionSort, 10000, 475, 9937400
SelectionSort, 10000, 476, 9950700
SelectionSort, 10000, 477, 10210100
SelectionSort, 10000, 478, 12179600
SelectionSort, 10000, 479, 12084900
SelectionSort, 10000, 480, 11453300
SelectionSort, 10000, 481, 12273700
SelectionSort, 10000, 482, 12391000
SelectionSort, 10000, 483, 12234600
SelectionSort, 10000, 484, 12264700
SelectionSort, 10000, 485, 9974300
SelectionSort, 10000, 486, 10608700
SelectionSort, 10000, 487, 10457000
SelectionSort, 10000, 488, 7707100
SelectionSort, 10000, 489, 9245900
SelectionSort, 10000, 490, 12244400
SelectionSort, 10000, 491, 8067900
SelectionSort, 10000, 492, 12078000
SelectionSort, 10000, 493, 12225200
SelectionSort, 10000, 494, 12244000
SelectionSort, 10000, 495, 12244400
SelectionSort, 10000, 496, 12266100
SelectionSort, 10000, 497, 10906400
SelectionSort, 10000, 498, 12212200
SelectionSort, 10000, 499, 12235200
SelectionSort, 10000, 500, 12175800
SelectionSort, 10000, 501, 12295600
SelectionSort, 10000, 502, 12321800
SelectionSort, 10000, 503, 12247900
SelectionSort, 10000, 504, 10433700
SelectionSort, 10000, 505, 11248200
SelectionSort, 10000, 506, 11287400
SelectionSort, 10000, 507, 8716200
SelectionSort, 10000, 508, 8742300
SelectionSort, 10000, 509, 12249900
SelectionSort, 10000, 510, 12257000
SelectionSort, 10000, 511, 11485600
SelectionSort, 10000, 512, 10427400
SelectionSort, 10000, 513, 12274600
SelectionSort, 10000, 514, 12249300
SelectionSort, 10000, 515, 12259200
SelectionSort, 10000, 516, 12042100
SelectionSort, 10000, 517, 11217700
SelectionSort, 10000, 518, 10045400
SelectionSort, 10000, 519, 7836300
SelectionSort, 10000, 520, 8114600
SelectionSort, 10000, 521, 10293200
SelectionSort, 10000, 522, 9939500
SelectionSort, 10000, 523, 11256100
SelectionSort, 10000, 524, 12346300
SelectionSort, 10000, 525, 12107600
SelectionSort, 10000, 526, 12234400
SelectionSort, 10000, 527, 12287100
SelectionSort, 10000, 528, 7695500
SelectionSort, 10000, 529, 7708800
SelectionSort, 10000, 530, 7702600
SelectionSort, 10000, 531, 12536400
SelectionSort, 10000, 532, 12210800
SelectionSort, 10000, 533, 12235600
SelectionSort, 10000, 534, 11521800
SelectionSort, 10000, 535, 10041500
SelectionSort, 10000, 536, 9954200
SelectionSort, 10000, 537, 7618400
SelectionSort, 10000, 538, 11506600
SelectionSort, 10000, 539, 9784400
SelectionSort, 10000, 540, 8088700
SelectionSort, 10000, 541, 7592500
SelectionSort, 10000, 542, 7578100
SelectionSort, 10000, 543, 8021100
SelectionSort, 10000, 544, 8466900
SelectionSort, 10000, 545, 10166100
SelectionSort, 10000, 546, 10627800
SelectionSort, 10000, 547, 10692200
SelectionSort, 10000, 548, 12068200
SelectionSort, 10000, 549, 10489200
SelectionSort, 10000, 550, 7665200
SelectionSort, 10000, 551, 7561800
SelectionSort, 10000, 552, 10751300
SelectionSort, 10000, 553, 12031200
SelectionSort, 10000, 554, 12024700
SelectionSort, 10000, 555, 12008600
SelectionSort, 10000, 556, 10095500
SelectionSort, 10000, 557, 9751000
SelectionSort, 10000, 558, 9767400
SelectionSort, 10000, 559, 9767200
SelectionSort, 10000, 560, 9750700
SelectionSort, 10000, 561, 11984000
SelectionSort, 10000, 562, 12075900
SelectionSort, 10000, 563, 11839300
SelectionSort, 10000, 564, 11692200
SelectionSort, 10000, 565, 9777100
SelectionSort, 10000, 566, 9768100
SelectionSort, 10000, 567, 8616800
SelectionSort, 10000, 568, 10918000
SelectionSort, 10000, 569, 11978100
SelectionSort, 10000, 570, 11877400
SelectionSort, 10000, 571, 11959900
SelectionSort, 10000, 572, 10101900
SelectionSort, 10000, 573, 9743100
SelectionSort, 10000, 574, 9497000
SelectionSort, 10000, 575, 9452700
SelectionSort, 10000, 576, 9807900
SelectionSort, 10000, 577, 9906800
SelectionSort, 10000, 578, 9774900
SelectionSort, 10000, 579, 9768500
SelectionSort, 10000, 580, 10177800
SelectionSort, 10000, 581, 11982300
SelectionSort, 10000, 582, 13217700
SelectionSort, 10000, 583, 10925400
SelectionSort, 10000, 584, 11310800
SelectionSort, 10000, 585, 10847200
SelectionSort, 10000, 586, 7591200
SelectionSort, 10000, 587, 7745800
SelectionSort, 10000, 588, 7667900
SelectionSort, 10000, 589, 8229100
SelectionSort, 10000, 590, 7786100
SelectionSort, 10000, 591, 10909600
SelectionSort, 10000, 592, 12049900
SelectionSort, 10000, 593, 11832100
SelectionSort, 10000, 594, 9809400
SelectionSort, 10000, 595, 11988300
SelectionSort, 10000, 596, 12003200
SelectionSort, 10000, 597, 11572500
SelectionSort, 10000, 598, 12024200
SelectionSort, 10000, 599, 9745700
SelectionSort, 10000, 600, 9763300
SelectionSort, 10000, 601, 10125000
SelectionSort, 10000, 602, 9069000
SelectionSort, 10000, 603, 7863800
SelectionSort, 10000, 604, 7579700
SelectionSort, 10000, 605, 8034100
SelectionSort, 10000, 606, 7696800
SelectionSort, 10000, 607, 11910300
SelectionSort, 10000, 608, 12003800
SelectionSort, 10000, 609, 12033600
SelectionSort, 10000, 610, 12014900
SelectionSort, 10000, 611, 11971300
SelectionSort, 10000, 612, 11979500
SelectionSort, 10000, 613, 12041500
SelectionSort, 10000, 614, 12018800
SelectionSort, 10000, 615, 8319900
SelectionSort, 10000, 616, 7548900
SelectionSort, 10000, 617, 8230900
SelectionSort, 10000, 618, 7565100
SelectionSort, 10000, 619, 9275000
SelectionSort, 10000, 620, 10040400
SelectionSort, 10000, 621, 10416800
SelectionSort, 10000, 622, 11999900
SelectionSort, 10000, 623, 12009800
SelectionSort, 10000, 624, 12024000
SelectionSort, 10000, 625, 12047700
SelectionSort, 10000, 626, 12008500
SelectionSort, 10000, 627, 8053600
SelectionSort, 10000, 628, 7578100
SelectionSort, 10000, 629, 8022400
SelectionSort, 10000, 630, 9980500
SelectionSort, 10000, 631, 9774900
SelectionSort, 10000, 632, 9768500
SelectionSort, 10000, 633, 8447400
SelectionSort, 10000, 634, 8910200
SelectionSort, 10000, 635, 9138600
SelectionSort, 10000, 636, 11982300
SelectionSort, 10000, 637, 7794000
SelectionSort, 10000, 638, 12101900
SelectionSort, 10000, 639, 12266400
SelectionSort, 10000, 640, 12362400
SelectionSort, 10000, 641, 10045700
SelectionSort, 10000, 642, 9746400
SelectionSort, 10000, 643, 9773100
SelectionSort, 10000, 644, 9991000
SelectionSort, 10000, 645, 9795200
SelectionSort, 10000, 646, 10508700
SelectionSort, 10000, 647, 10373200
SelectionSort, 10000, 648, 8769100
SelectionSort, 10000, 649, 12054100
SelectionSort, 10000, 650, 12053000
SelectionSort, 10000, 651, 11572800
SelectionSort, 10000, 652, 9815700
SelectionSort, 10000, 653, 12047700
SelectionSort, 10000, 654, 12044800
SelectionSort, 10000, 655, 12043500
SelectionSort, 10000, 656, 12010200
SelectionSort, 10000, 657, 12005500
SelectionSort, 10000, 658, 12022900
SelectionSort, 10000, 659, 12009200
SelectionSort, 10000, 660, 12049700
SelectionSort, 10000, 661, 12035100
SelectionSort, 10000, 662, 11985900
SelectionSort, 10000, 663, 12016400
SelectionSort, 10000, 664, 12023300
SelectionSort, 10000, 665, 11991500
SelectionSort, 10000, 666, 11373600
SelectionSort, 10000, 667, 9905700
SelectionSort, 10000, 668, 9742200
SelectionSort, 10000, 669, 9766500
SelectionSort, 10000, 670, 9747800
SelectionSort, 10000, 671, 9774400
SelectionSort, 10000, 672, 11758800
SelectionSort, 10000, 673, 11996600
SelectionSort, 10000, 674, 11736700
SelectionSort, 10000, 675, 11844800
SelectionSort, 10000, 676, 11601200
SelectionSort, 10000, 677, 11975900
SelectionSort, 10000, 678, 8611100
SelectionSort, 10000, 679, 7660400
SelectionSort, 10000, 680, 7538100
SelectionSort, 10000, 681, 11749200
SelectionSort, 10000, 682, 11960900
SelectionSort, 10000, 683, 11966700
SelectionSort, 10000, 684, 11759800
SelectionSort, 10000, 685, 11979800
SelectionSort, 10000, 686, 11970600
SelectionSort, 10000, 687, 11967000
SelectionSort, 10000, 688, 11968400
SelectionSort, 10000, 689, 11984800
SelectionSort, 10000, 690, 7688700
SelectionSort, 10000, 691, 10944400
SelectionSort, 10000, 692, 12015000
SelectionSort, 10000, 693, 11967400
SelectionSort, 10000, 694, 11967600
SelectionSort, 10000, 695, 9267700
SelectionSort, 10000, 696, 7778900
SelectionSort, 10000, 697, 12059700
SelectionSort, 10000, 698, 11985900
SelectionSort, 10000, 699, 11978700
SelectionSort, 10000, 700, 11892800
SelectionSort, 10000, 701, 11881400
SelectionSort, 10000, 702, 12087700
SelectionSort, 10000, 703, 12080500
SelectionSort, 10000, 704, 12082800
SelectionSort, 10000, 705, 12035700
SelectionSort, 10000, 706, 12025700
SelectionSort, 10000, 707, 10170300
SelectionSort, 10000, 708, 9751300
SelectionSort, 10000, 709, 10634300
SelectionSort, 10000, 710, 12031000
SelectionSort, 10000, 711, 10970100
SelectionSort, 10000, 712, 9839300
SelectionSort, 10000, 713, 11045600
SelectionSort, 10000, 714, 9747500
SelectionSort, 10000, 715, 9728400
SelectionSort, 10000, 716, 9719400
SelectionSort, 10000, 717, 9758900
SelectionSort, 10000, 718, 11158500
SelectionSort, 10000, 719, 12056700
SelectionSort, 10000, 720, 12035000
SelectionSort, 10000, 721, 12035000
SelectionSort, 10000, 722, 12019500
SelectionSort, 10000, 723, 12025600
SelectionSort, 10000, 724, 9758500
SelectionSort, 10000, 725, 9763700
SelectionSort, 10000, 726, 9742600
SelectionSort, 10000, 727, 9263100
SelectionSort, 10000, 728, 7914400
SelectionSort, 10000, 729, 8058500
SelectionSort, 10000, 730, 12039500
SelectionSort, 10000, 731, 12026800
SelectionSort, 10000, 732, 12021800
SelectionSort, 10000, 733, 12026800
SelectionSort, 10000, 734, 12044800
SelectionSort, 10000, 735, 12030200
SelectionSort, 10000, 736, 12035700
SelectionSort, 10000, 737, 9766600
SelectionSort, 10000, 738, 7560400
SelectionSort, 10000, 739, 8739100
SelectionSort, 10000, 740, 8674300
SelectionSort, 10000, 741, 12126700
SelectionSort, 10000, 742, 12039800
SelectionSort, 10000, 743, 12023600
SelectionSort, 10000, 744, 11962900
SelectionSort, 10000, 745, 11968300
SelectionSort, 10000, 746, 10855200
SelectionSort, 10000, 747, 10425300
SelectionSort, 10000, 748, 12010200
SelectionSort, 10000, 749, 12025400
SelectionSort, 10000, 750, 12064300
SelectionSort, 10000, 751, 11275500
SelectionSort, 10000, 752, 9763200
SelectionSort, 10000, 753, 9748200
SelectionSort, 10000, 754, 9763200
SelectionSort, 10000, 755, 9746600
SelectionSort, 10000, 756, 11752200
SelectionSort, 10000, 757, 12027900
SelectionSort, 10000, 758, 12039900
SelectionSort, 10000, 759, 9889700
SelectionSort, 10000, 760, 9746300
SelectionSort, 10000, 761, 10885200
SelectionSort, 10000, 762, 11982600
SelectionSort, 10000, 763, 11972300
SelectionSort, 10000, 764, 11983900
SelectionSort, 10000, 765, 12038600
SelectionSort, 10000, 766, 12056300
SelectionSort, 10000, 767, 12036800
SelectionSort, 10000, 768, 12042200
SelectionSort, 10000, 769, 12049500
SelectionSort, 10000, 770, 12005200
SelectionSort, 10000, 771, 12032900
SelectionSort, 10000, 772, 9763500
SelectionSort, 10000, 773, 9787300
SelectionSort, 10000, 774, 12069900
SelectionSort, 10000, 775, 11514000
SelectionSort, 10000, 776, 11976300
SelectionSort, 10000, 777, 11874400
SelectionSort, 10000, 778, 7726400
SelectionSort, 10000, 779, 8957000
SelectionSort, 10000, 780, 11982700
SelectionSort, 10000, 781, 10596100
SelectionSort, 10000, 782, 7674900
SelectionSort, 10000, 783, 12107700
SelectionSort, 10000, 784, 9890100
SelectionSort, 10000, 785, 12268000
SelectionSort, 10000, 786, 12226700
SelectionSort, 10000, 787, 9907500
SelectionSort, 10000, 788, 9910200
SelectionSort, 10000, 789, 11916300
SelectionSort, 10000, 790, 12057900
SelectionSort, 10000, 791, 10039800
SelectionSort, 10000, 792, 9902300
SelectionSort, 10000, 793, 9851800
SelectionSort, 10000, 794, 9909400
SelectionSort, 10000, 795, 9895200
SelectionSort, 10000, 796, 9880400
SelectionSort, 10000, 797, 9936900
SelectionSort, 10000, 798, 9947600
SelectionSort, 10000, 799, 9947400
SelectionSort, 10000, 800, 12125400
SelectionSort, 10000, 801, 12133600
SelectionSort, 10000, 802, 12095000
SelectionSort, 10000, 803, 11805000
SelectionSort, 10000, 804, 7832600
SelectionSort, 10000, 805, 10035700
SelectionSort, 10000, 806, 9922200
SelectionSort, 10000, 807, 11649200
SelectionSort, 10000, 808, 7722000
SelectionSort, 10000, 809, 7991600
SelectionSort, 10000, 810, 7854300
SelectionSort, 10000, 811, 12123100
SelectionSort, 10000, 812, 9929500
SelectionSort, 10000, 813, 10167700
SelectionSort, 10000, 814, 9856700
SelectionSort, 10000, 815, 9908100
SelectionSort, 10000, 816, 10847300
SelectionSort, 10000, 817, 12196400
SelectionSort, 10000, 818, 12186600
SelectionSort, 10000, 819, 9414400
SelectionSort, 10000, 820, 9233000
SelectionSort, 10000, 821, 11981400
SelectionSort, 10000, 822, 12139600
SelectionSort, 10000, 823, 12085300
SelectionSort, 10000, 824, 12370500
SelectionSort, 10000, 825, 12153200
SelectionSort, 10000, 826, 11935000
SelectionSort, 10000, 827, 12219500
SelectionSort, 10000, 828, 12160100
SelectionSort, 10000, 829, 12120200
SelectionSort, 10000, 830, 12115000
SelectionSort, 10000, 831, 12119900
SelectionSort, 10000, 832, 12243900
SelectionSort, 10000, 833, 12218100
SelectionSort, 10000, 834, 12193900
SelectionSort, 10000, 835, 12129600
SelectionSort, 10000, 836, 9959100
SelectionSort, 10000, 837, 10417700
SelectionSort, 10000, 838, 9876800
SelectionSort, 10000, 839, 9869600
SelectionSort, 10000, 840, 9936700
SelectionSort, 10000, 841, 9874700
SelectionSort, 10000, 842, 9875400
SelectionSort, 10000, 843, 9882300
SelectionSort, 10000, 844, 10191100
SelectionSort, 10000, 845, 8898200
SelectionSort, 10000, 846, 7742900
SelectionSort, 10000, 847, 10195600
SelectionSort, 10000, 848, 12204100
SelectionSort, 10000, 849, 12438800
SelectionSort, 10000, 850, 11140000
SelectionSort, 10000, 851, 12237900
SelectionSort, 10000, 852, 12226800
SelectionSort, 10000, 853, 12059700
SelectionSort, 10000, 854, 12145500
SelectionSort, 10000, 855, 9696000
SelectionSort, 10000, 856, 10080900
SelectionSort, 10000, 857, 9981900
SelectionSort, 10000, 858, 9873600
SelectionSort, 10000, 859, 9904900
SelectionSort, 10000, 860, 9876200
SelectionSort, 10000, 861, 12213600
SelectionSort, 10000, 862, 12228900
SelectionSort, 10000, 863, 12016800
SelectionSort, 10000, 864, 12280700
SelectionSort, 10000, 865, 11638100
SelectionSort, 10000, 866, 9909500
SelectionSort, 10000, 867, 10565800
SelectionSort, 10000, 868, 9907500
SelectionSort, 10000, 869, 9867500
SelectionSort, 10000, 870, 8854100
SelectionSort, 10000, 871, 8720300
SelectionSort, 10000, 872, 12078500
SelectionSort, 10000, 873, 12111200
SelectionSort, 10000, 874, 12145400
SelectionSort, 10000, 875, 12256200
SelectionSort, 10000, 876, 12246300
SelectionSort, 10000, 877, 10058200
SelectionSort, 10000, 878, 8264100
SelectionSort, 10000, 879, 9941500
SelectionSort, 10000, 880, 7694200
SelectionSort, 10000, 881, 7691000
SelectionSort, 10000, 882, 7998000
SelectionSort, 10000, 883, 9342200
SelectionSort, 10000, 884, 12253500
SelectionSort, 10000, 885, 12225100
SelectionSort, 10000, 886, 12152900
SelectionSort, 10000, 887, 12097700
SelectionSort, 10000, 888, 12086600
SelectionSort, 10000, 889, 11857700
SelectionSort, 10000, 890, 11998400
SelectionSort, 10000, 891, 9871000
SelectionSort, 10000, 892, 9900900
SelectionSort, 10000, 893, 8275800
SelectionSort, 10000, 894, 7738400
SelectionSort, 10000, 895, 7740200
SelectionSort, 10000, 896, 8034200
SelectionSort, 10000, 897, 8183300
SelectionSort, 10000, 898, 9401300
SelectionSort, 10000, 899, 9863000
SelectionSort, 10000, 900, 10423700
SelectionSort, 10000, 901, 12268000
SelectionSort, 10000, 902, 11120600
SelectionSort, 10000, 903, 10322200
SelectionSort, 10000, 904, 9768000
SelectionSort, 10000, 905, 10052100
SelectionSort, 10000, 906, 12273200
SelectionSort, 10000, 907, 12085600
SelectionSort, 10000, 908, 12266300
SelectionSort, 10000, 909, 11970800
SelectionSort, 10000, 910, 8195000
SelectionSort, 10000, 911, 7745600
SelectionSort, 10000, 912, 7932900
SelectionSort, 10000, 913, 9147200
SelectionSort, 10000, 914, 12243600
SelectionSort, 10000, 915, 12186700
SelectionSort, 10000, 916, 12232000
SelectionSort, 10000, 917, 12250000
SelectionSort, 10000, 918, 12443100
SelectionSort, 10000, 919, 12827900
SelectionSort, 10000, 920, 12016600
SelectionSort, 10000, 921, 11107000
SelectionSort, 10000, 922, 10913800
SelectionSort, 10000, 923, 12010400
SelectionSort, 10000, 924, 11142300
SelectionSort, 10000, 925, 9817200
SelectionSort, 10000, 926, 11520600
SelectionSort, 10000, 927, 10093600
SelectionSort, 10000, 928, 7810300
SelectionSort, 10000, 929, 8249900
SelectionSort, 10000, 930, 7887800
SelectionSort, 10000, 931, 8389500
SelectionSort, 10000, 932, 7773500
SelectionSort, 10000, 933, 9296000
SelectionSort, 10000, 934, 10114800
SelectionSort, 10000, 935, 12788500
SelectionSort, 10000, 936, 9246200
SelectionSort, 10000, 937, 9412800
SelectionSort, 10000, 938, 11765800
SelectionSort, 10000, 939, 10696100
SelectionSort, 10000, 940, 10174800
SelectionSort, 10000, 941, 12450300
SelectionSort, 10000, 942, 10013500
SelectionSort, 10000, 943, 12232700
SelectionSort, 10000, 944, 10622100
SelectionSort, 10000, 945, 11763500
SelectionSort, 10000, 946, 11735700
SelectionSort, 10000, 947, 10074000
SelectionSort, 10000, 948, 8963100
SelectionSort, 10000, 949, 7762200
SelectionSort, 10000, 950, 7733900
SelectionSort, 10000, 951, 8104400
SelectionSort, 10000, 952, 7843400
SelectionSort, 10000, 953, 11610100
SelectionSort, 10000, 954, 10124800
SelectionSort, 10000, 955, 8677900
SelectionSort, 10000, 956, 11821600
SelectionSort, 10000, 957, 9230300
SelectionSort, 10000, 958, 8285400
SelectionSort, 10000, 959, 11782300
SelectionSort, 10000, 960, 11036400
SelectionSort, 10000, 961, 12664400
SelectionSort, 10000, 962, 11693900
SelectionSort, 10000, 963, 11811400
SelectionSort, 10000, 964, 7841900
SelectionSort, 10000, 965, 11375500
SelectionSort, 10000, 966, 8300300
SelectionSort, 10000, 967, 11008700
SelectionSort, 10000, 968, 12330700
SelectionSort, 10000, 969, 10846000
SelectionSort, 10000, 970, 10193300
SelectionSort, 10000, 971, 11324400
SelectionSort, 10000, 972, 10327700
SelectionSort, 10000, 973, 11626500
SelectionSort, 10000, 974, 9941800
SelectionSort, 10000, 975, 8806500
SelectionSort, 10000, 976, 7771600
SelectionSort, 10000, 977, 11273200
SelectionSort, 10000, 978, 12090600
SelectionSort, 10000, 979, 11510300
SelectionSort, 10000, 980, 12366400
SelectionSort, 10000, 981, 12268900
SelectionSort, 10000, 982, 12235300
SelectionSort, 10000, 983, 11026200
SelectionSort, 10000, 984, 11976000
SelectionSort, 10000, 985, 8814800
SelectionSort, 10000, 986, 10333500
SelectionSort, 10000, 987, 11365300
SelectionSort, 10000, 988, 10077400
SelectionSort, 10000, 989, 12025100
SelectionSort, 10000, 990, 9923700
SelectionSort, 10000, 991, 12423600
SelectionSort, 10000, 992, 12221600
SelectionSort, 10000, 993, 9836000
SelectionSort, 10000, 994, 12446300
SelectionSort, 10000, 995, 11306500
SelectionSort, 10000, 996, 10503600
SelectionSort, 10000, 997, 10631700
SelectionSort, 10000, 998, 7967000
SelectionSort, 10000, 999, 12111600
SelectionSort, 10000, 1000, 11594400
InsertionSort, 25000, 1, 22168800
InsertionSort, 25000, 2, 22852200
InsertionSort, 25000, 3, 23898600
InsertionSort, 25000, 4, 21954900
InsertionSort, 25000, 5, 22709300
InsertionSort, 25000, 6, 22296700
InsertionSort, 25000, 7, 22878700
InsertionSort, 25000, 8, 23401700
InsertionSort, 25000, 9, 25570600
InsertionSort, 25000, 10, 22526100
InsertionSort, 25000, 11, 22914200
InsertionSort, 25000, 12, 23270500
InsertionSort, 25000, 13, 22735500
InsertionSort, 25000, 14, 22581400
InsertionSort, 25000, 15, 22185800
InsertionSort, 25000, 16, 23749600
InsertionSort, 25000, 17, 22472400
InsertionSort, 25000, 18, 23235300
InsertionSort, 25000, 19, 22205500
InsertionSort, 25000, 20, 22746900
InsertionSort, 25000, 21, 22865600
InsertionSort, 25000, 22, 22479000
InsertionSort, 25000, 23, 22661500
InsertionSort, 25000, 24, 22696700
InsertionSort, 25000, 25, 25287500
InsertionSort, 25000, 26, 22643400
InsertionSort, 25000, 27, 23271200
InsertionSort, 25000, 28, 22629400
InsertionSort, 25000, 29, 23808700
InsertionSort, 25000, 30, 22640100
InsertionSort, 25000, 31, 22386200
InsertionSort, 25000, 32, 22359300
InsertionSort, 25000, 33, 22299500
InsertionSort, 25000, 34, 22588000
InsertionSort, 25000, 35, 23439600
InsertionSort, 25000, 36, 28239400
InsertionSort, 25000, 37, 34923400
InsertionSort, 25000, 38, 26581100
InsertionSort, 25000, 39, 30824400
InsertionSort, 25000, 40, 27484200
InsertionSort, 25000, 41, 25621200
InsertionSort, 25000, 42, 25636400
InsertionSort, 25000, 43, 25641700
InsertionSort, 25000, 44, 26065600
InsertionSort, 25000, 45, 26470000
InsertionSort, 25000, 46, 25090300
InsertionSort, 25000, 47, 26367000
InsertionSort, 25000, 48, 22471400
InsertionSort, 25000, 49, 22771600
InsertionSort, 25000, 50, 22209200
InsertionSort, 25000, 51, 24613700
InsertionSort, 25000, 52, 25826800
InsertionSort, 25000, 53, 26373400
InsertionSort, 25000, 54, 27092200
InsertionSort, 25000, 55, 27408900
InsertionSort, 25000, 56, 25255400
InsertionSort, 25000, 57, 22451400
InsertionSort, 25000, 58, 22536500
InsertionSort, 25000, 59, 22424300
InsertionSort, 25000, 60, 29340400
InsertionSort, 25000, 61, 22746200
InsertionSort, 25000, 62, 22208600
InsertionSort, 25000, 63, 24911000
InsertionSort, 25000, 64, 22258400
InsertionSort, 25000, 65, 23498600
InsertionSort, 25000, 66, 22448100
InsertionSort, 25000, 67, 22208700
InsertionSort, 25000, 68, 22153800
InsertionSort, 25000, 69, 22076100
InsertionSort, 25000, 70, 22810600
InsertionSort, 25000, 71, 22118500
InsertionSort, 25000, 72, 22244800
InsertionSort, 25000, 73, 22822900
InsertionSort, 25000, 74, 23500500
InsertionSort, 25000, 75, 23138100
InsertionSort, 25000, 76, 23142300
InsertionSort, 25000, 77, 23059300
InsertionSort, 25000, 78, 22460700
InsertionSort, 25000, 79, 22321200
InsertionSort, 25000, 80, 23846400
InsertionSort, 25000, 81, 22179300
InsertionSort, 25000, 82, 26166200
InsertionSort, 25000, 83, 22708200
InsertionSort, 25000, 84, 22203200
InsertionSort, 25000, 85, 22422300
InsertionSort, 25000, 86, 24408800
InsertionSort, 25000, 87, 22315800
InsertionSort, 25000, 88, 22701900
InsertionSort, 25000, 89, 22277400
InsertionSort, 25000, 90, 22674900
InsertionSort, 25000, 91, 22673100
InsertionSort, 25000, 92, 23013100
InsertionSort, 25000, 93, 22324000
InsertionSort, 25000, 94, 24389000
InsertionSort, 25000, 95, 22438100
InsertionSort, 25000, 96, 24112300
InsertionSort, 25000, 97, 23422000
InsertionSort, 25000, 98, 22329600
InsertionSort, 25000, 99, 23228200
InsertionSort, 25000, 100, 22424900
InsertionSort, 25000, 101, 23525500
InsertionSort, 25000, 102, 22239100
InsertionSort, 25000, 103, 22391000
InsertionSort, 25000, 104, 25292200
InsertionSort, 25000, 105, 22242100
InsertionSort, 25000, 106, 22408600
InsertionSort, 25000, 107, 22294400
InsertionSort, 25000, 108, 22466000
InsertionSort, 25000, 109, 22108300
InsertionSort, 25000, 110, 22111100
InsertionSort, 25000, 111, 22219200
InsertionSort, 25000, 112, 22144800
InsertionSort, 25000, 113, 22198100
InsertionSort, 25000, 114, 22312400
InsertionSort, 25000, 115, 23439400
InsertionSort, 25000, 116, 22449600
InsertionSort, 25000, 117, 23099700
InsertionSort, 25000, 118, 23641000
InsertionSort, 25000, 119, 22605700
InsertionSort, 25000, 120, 22688900
InsertionSort, 25000, 121, 24162500
InsertionSort, 25000, 122, 23291800
InsertionSort, 25000, 123, 22312600
InsertionSort, 25000, 124, 22448600
InsertionSort, 25000, 125, 22273200
InsertionSort, 25000, 126, 22271600
InsertionSort, 25000, 127, 22341500
InsertionSort, 25000, 128, 22545400
InsertionSort, 25000, 129, 22326200
InsertionSort, 25000, 130, 22930200
InsertionSort, 25000, 131, 22285800
InsertionSort, 25000, 132, 22638700
InsertionSort, 25000, 133, 22621000
InsertionSort, 25000, 134, 22181000
InsertionSort, 25000, 135, 22095600
InsertionSort, 25000, 136, 22226500
InsertionSort, 25000, 137, 22516900
InsertionSort, 25000, 138, 22219600
InsertionSort, 25000, 139, 23176200
InsertionSort, 25000, 140, 22458000
InsertionSort, 25000, 141, 26775500
InsertionSort, 25000, 142, 22320700
InsertionSort, 25000, 143, 23120600
InsertionSort, 25000, 144, 22254700
InsertionSort, 25000, 145, 22801300
InsertionSort, 25000, 146, 22349200
InsertionSort, 25000, 147, 22228000
InsertionSort, 25000, 148, 22312800
InsertionSort, 25000, 149, 22340900
InsertionSort, 25000, 150, 22225100
InsertionSort, 25000, 151, 22299500
InsertionSort, 25000, 152, 22324900
InsertionSort, 25000, 153, 22191200
InsertionSort, 25000, 154, 22931400
InsertionSort, 25000, 155, 23637900
InsertionSort, 25000, 156, 22291300
InsertionSort, 25000, 157, 22260400
InsertionSort, 25000, 158, 22075000
InsertionSort, 25000, 159, 22152900
InsertionSort, 25000, 160, 22912100
InsertionSort, 25000, 161, 23680500
InsertionSort, 25000, 162, 22199300
InsertionSort, 25000, 163, 22368000
InsertionSort, 25000, 164, 22705000
InsertionSort, 25000, 165, 22153100
InsertionSort, 25000, 166, 22532900
InsertionSort, 25000, 167, 22872100
InsertionSort, 25000, 168, 22450900
InsertionSort, 25000, 169, 22262400
InsertionSort, 25000, 170, 22361700
InsertionSort, 25000, 171, 22559100
InsertionSort, 25000, 172, 23090800
InsertionSort, 25000, 173, 22085600
InsertionSort, 25000, 174, 22219900
InsertionSort, 25000, 175, 22296000
InsertionSort, 25000, 176, 22103900
InsertionSort, 25000, 177, 22286100
InsertionSort, 25000, 178, 22366700
InsertionSort, 25000, 179, 22484500
InsertionSort, 25000, 180, 22047200
InsertionSort, 25000, 181, 22816600
InsertionSort, 25000, 182, 22930500
InsertionSort, 25000, 183, 22648200
InsertionSort, 25000, 184, 24335300
InsertionSort, 25000, 185, 22917800
InsertionSort, 25000, 186, 22975300
InsertionSort, 25000, 187, 23713300
InsertionSort, 25000, 188, 22878100
InsertionSort, 25000, 189, 22401300
InsertionSort, 25000, 190, 22525300
InsertionSort, 25000, 191, 22471200
InsertionSort, 25000, 192, 22377200
InsertionSort, 25000, 193, 22247800
InsertionSort, 25000, 194, 22589200
InsertionSort, 25000, 195, 22102300
InsertionSort, 25000, 196, 22180300
InsertionSort, 25000, 197, 22241200
InsertionSort, 25000, 198, 22581000
InsertionSort, 25000, 199, 22258600
InsertionSort, 25000, 200, 22442400
InsertionSort, 25000, 201, 22360800
InsertionSort, 25000, 202, 22454900
InsertionSort, 25000, 203, 22503900
InsertionSort, 25000, 204, 22186800
InsertionSort, 25000, 205, 23377300
InsertionSort, 25000, 206, 24150600
InsertionSort, 25000, 207, 22582900
InsertionSort, 25000, 208, 23460700
InsertionSort, 25000, 209, 22361200
InsertionSort, 25000, 210, 22244000
InsertionSort, 25000, 211, 22907000
InsertionSort, 25000, 212, 22510500
InsertionSort, 25000, 213, 22237600
InsertionSort, 25000, 214, 22307700
InsertionSort, 25000, 215, 22498700
InsertionSort, 25000, 216, 22291800
InsertionSort, 25000, 217, 21987500
InsertionSort, 25000, 218, 22547800
InsertionSort, 25000, 219, 22372900
InsertionSort, 25000, 220, 22248700
InsertionSort, 25000, 221, 22428400
InsertionSort, 25000, 222, 22577800
InsertionSort, 25000, 223, 22520300
InsertionSort, 25000, 224, 22330800
InsertionSort, 25000, 225, 22470900
InsertionSort, 25000, 226, 22278700
InsertionSort, 25000, 227, 22056200
InsertionSort, 25000, 228, 26011600
InsertionSort, 25000, 229, 22366700
InsertionSort, 25000, 230, 22211400
InsertionSort, 25000, 231, 22453000
InsertionSort, 25000, 232, 22203800
InsertionSort, 25000, 233, 23343200
InsertionSort, 25000, 234, 22310700
InsertionSort, 25000, 235, 24122200
InsertionSort, 25000, 236, 23065100
InsertionSort, 25000, 237, 22864500
InsertionSort, 25000, 238, 26738800
InsertionSort, 25000, 239, 22865600
InsertionSort, 25000, 240, 22672400
InsertionSort, 25000, 241, 22717600
InsertionSort, 25000, 242, 23557400
InsertionSort, 25000, 243, 23008700
InsertionSort, 25000, 244, 24652500
InsertionSort, 25000, 245, 22084300
InsertionSort, 25000, 246, 22669300
InsertionSort, 25000, 247, 22896000
InsertionSort, 25000, 248, 23486500
InsertionSort, 25000, 249, 24775500
InsertionSort, 25000, 250, 22956900
InsertionSort, 25000, 251, 23301600
InsertionSort, 25000, 252, 23728600
InsertionSort, 25000, 253, 22955200
InsertionSort, 25000, 254, 24211400
InsertionSort, 25000, 255, 23457400
InsertionSort, 25000, 256, 24455300
InsertionSort, 25000, 257, 22859800
InsertionSort, 25000, 258, 22976700
InsertionSort, 25000, 259, 22572500
InsertionSort, 25000, 260, 22457100
InsertionSort, 25000, 261, 22196700
InsertionSort, 25000, 262, 22295400
InsertionSort, 25000, 263, 24918600
InsertionSort, 25000, 264, 23017100
InsertionSort, 25000, 265, 23208100
InsertionSort, 25000, 266, 23283600
InsertionSort, 25000, 267, 23538500
InsertionSort, 25000, 268, 22438800
InsertionSort, 25000, 269, 23785400
InsertionSort, 25000, 270, 22424400
InsertionSort, 25000, 271, 23423400
InsertionSort, 25000, 272, 23485000
InsertionSort, 25000, 273, 26552000
InsertionSort, 25000, 274, 22512200
InsertionSort, 25000, 275, 22483500
InsertionSort, 25000, 276, 22193400
InsertionSort, 25000, 277, 22508600
InsertionSort, 25000, 278, 23513900
InsertionSort, 25000, 279, 24815500
InsertionSort, 25000, 280, 22749900
InsertionSort, 25000, 281, 22919400
InsertionSort, 25000, 282, 22883400
InsertionSort, 25000, 283, 22700800
InsertionSort, 25000, 284, 24194600
InsertionSort, 25000, 285, 23291600
InsertionSort, 25000, 286, 22600800
InsertionSort, 25000, 287, 24157700
InsertionSort, 25000, 288, 22789200
InsertionSort, 25000, 289, 22787700
InsertionSort, 25000, 290, 24067400
InsertionSort, 25000, 291, 22983400
InsertionSort, 25000, 292, 22313600
InsertionSort, 25000, 293, 23130100
InsertionSort, 25000, 294, 22841600
InsertionSort, 25000, 295, 23210700
InsertionSort, 25000, 296, 22926300
InsertionSort, 25000, 297, 22652600
InsertionSort, 25000, 298, 22389600
InsertionSort, 25000, 299, 22332200
InsertionSort, 25000, 300, 23165900
InsertionSort, 25000, 301, 22854100
InsertionSort, 25000, 302, 22840800
InsertionSort, 25000, 303, 22514000
InsertionSort, 25000, 304, 23025600
InsertionSort, 25000, 305, 22672500
InsertionSort, 25000, 306, 22801900
InsertionSort, 25000, 307, 23000400
InsertionSort, 25000, 308, 22904200
InsertionSort, 25000, 309, 23258300
InsertionSort, 25000, 310, 22682800
InsertionSort, 25000, 311, 22845500
InsertionSort, 25000, 312, 22753500
InsertionSort, 25000, 313, 22763600
InsertionSort, 25000, 314, 23788800
InsertionSort, 25000, 315, 22573700
InsertionSort, 25000, 316, 22383700
InsertionSort, 25000, 317, 25029800
InsertionSort, 25000, 318, 27768100
InsertionSort, 25000, 319, 23280400
InsertionSort, 25000, 320, 24064600
InsertionSort, 25000, 321, 26086800
InsertionSort, 25000, 322, 23428000
InsertionSort, 25000, 323, 26029300
InsertionSort, 25000, 324, 23027100
InsertionSort, 25000, 325, 23438600
InsertionSort, 25000, 326, 24207200
InsertionSort, 25000, 327, 23480800
InsertionSort, 25000, 328, 23240100
InsertionSort, 25000, 329, 24376800
InsertionSort, 25000, 330, 23180100
InsertionSort, 25000, 331, 24908400
InsertionSort, 25000, 332, 23488100
InsertionSort, 25000, 333, 24350500
InsertionSort, 25000, 334, 23349900
InsertionSort, 25000, 335, 24435000
InsertionSort, 25000, 336, 23069900
InsertionSort, 25000, 337, 23367500
InsertionSort, 25000, 338, 22825700
InsertionSort, 25000, 339, 24588200
InsertionSort, 25000, 340, 22622500
InsertionSort, 25000, 341, 22912800
InsertionSort, 25000, 342, 28145300
InsertionSort, 25000, 343, 23869900
InsertionSort, 25000, 344, 28033900
InsertionSort, 25000, 345, 23158000
InsertionSort, 25000, 346, 24247800
InsertionSort, 25000, 347, 26159500
InsertionSort, 25000, 348, 23339200
InsertionSort, 25000, 349, 22587400
InsertionSort, 25000, 350, 25553800
InsertionSort, 25000, 351, 23398100
InsertionSort, 25000, 352, 24248700
InsertionSort, 25000, 353, 23948600
InsertionSort, 25000, 354, 24940600
InsertionSort, 25000, 355, 24866800
InsertionSort, 25000, 356, 32710300
InsertionSort, 25000, 357, 24047100
InsertionSort, 25000, 358, 23214900
InsertionSort, 25000, 359, 22488100
InsertionSort, 25000, 360, 22616000
InsertionSort, 25000, 361, 22492500
InsertionSort, 25000, 362, 22472400
InsertionSort, 25000, 363, 24928900
InsertionSort, 25000, 364, 22920000
InsertionSort, 25000, 365, 23800400
InsertionSort, 25000, 366, 22857700
InsertionSort, 25000, 367, 22095800
InsertionSort, 25000, 368, 22190200
InsertionSort, 25000, 369, 22178400
InsertionSort, 25000, 370, 22956900
InsertionSort, 25000, 371, 22495400
InsertionSort, 25000, 372, 22198100
InsertionSort, 25000, 373, 22193500
InsertionSort, 25000, 374, 22681700
InsertionSort, 25000, 375, 22290300
InsertionSort, 25000, 376, 22107000
InsertionSort, 25000, 377, 24085300
InsertionSort, 25000, 378, 22476300
InsertionSort, 25000, 379, 22337500
InsertionSort, 25000, 380, 22175700
InsertionSort, 25000, 381, 23330200
InsertionSort, 25000, 382, 21974900
InsertionSort, 25000, 383, 22157300
InsertionSort, 25000, 384, 24463300
InsertionSort, 25000, 385, 22547200
InsertionSort, 25000, 386, 22957600
InsertionSort, 25000, 387, 22954300
InsertionSort, 25000, 388, 22316700
InsertionSort, 25000, 389, 22500900
InsertionSort, 25000, 390, 22197700
InsertionSort, 25000, 391, 23514100
InsertionSort, 25000, 392, 22600100
InsertionSort, 25000, 393, 22856100
InsertionSort, 25000, 394, 22316300
InsertionSort, 25000, 395, 22979900
InsertionSort, 25000, 396, 23177300
InsertionSort, 25000, 397, 22909200
InsertionSort, 25000, 398, 22321300
InsertionSort, 25000, 399, 22587300
InsertionSort, 25000, 400, 23389200
InsertionSort, 25000, 401, 24487900
InsertionSort, 25000, 402, 26278800
InsertionSort, 25000, 403, 22910400
InsertionSort, 25000, 404, 22808400
InsertionSort, 25000, 405, 22533000
InsertionSort, 25000, 406, 23016400
InsertionSort, 25000, 407, 22509100
InsertionSort, 25000, 408, 22234500
InsertionSort, 25000, 409, 22301000
InsertionSort, 25000, 410, 22221100
InsertionSort, 25000, 411, 22528000
InsertionSort, 25000, 412, 22584500
InsertionSort, 25000, 413, 22450600
InsertionSort, 25000, 414, 22223400
InsertionSort, 25000, 415, 22653100
InsertionSort, 25000, 416, 23070400
InsertionSort, 25000, 417, 23708100
InsertionSort, 25000, 418, 22383000
InsertionSort, 25000, 419, 23119400
InsertionSort, 25000, 420, 22496000
InsertionSort, 25000, 421, 21981100
InsertionSort, 25000, 422, 22006600
InsertionSort, 25000, 423, 22311200
InsertionSort, 25000, 424, 22423000
InsertionSort, 25000, 425, 22324000
InsertionSort, 25000, 426, 22342300
InsertionSort, 25000, 427, 22356800
InsertionSort, 25000, 428, 22811300
InsertionSort, 25000, 429, 22054100
InsertionSort, 25000, 430, 22442600
InsertionSort, 25000, 431, 25742600
InsertionSort, 25000, 432, 24313900
InsertionSort, 25000, 433, 22362500
InsertionSort, 25000, 434, 22425400
InsertionSort, 25000, 435, 22089500
InsertionSort, 25000, 436, 22076700
InsertionSort, 25000, 437, 22518400
InsertionSort, 25000, 438, 21978800
InsertionSort, 25000, 439, 22287800
InsertionSort, 25000, 440, 22813500
InsertionSort, 25000, 441, 22409300
InsertionSort, 25000, 442, 22317500
InsertionSort, 25000, 443, 25823300
InsertionSort, 25000, 444, 22357500
InsertionSort, 25000, 445, 22184200
InsertionSort, 25000, 446, 22199800
InsertionSort, 25000, 447, 22644400
InsertionSort, 25000, 448, 22587500
InsertionSort, 25000, 449, 25964900
InsertionSort, 25000, 450, 23119700
InsertionSort, 25000, 451, 22340000
InsertionSort, 25000, 452, 22881600
InsertionSort, 25000, 453, 22924100
InsertionSort, 25000, 454, 22933400
InsertionSort, 25000, 455, 22931700
InsertionSort, 25000, 456, 22738000
InsertionSort, 25000, 457, 22356900
InsertionSort, 25000, 458, 22300600
InsertionSort, 25000, 459, 22309500
InsertionSort, 25000, 460, 23336200
InsertionSort, 25000, 461, 23367400
InsertionSort, 25000, 462, 22522200
InsertionSort, 25000, 463, 23659800
InsertionSort, 25000, 464, 23395800
InsertionSort, 25000, 465, 22868300
InsertionSort, 25000, 466, 22439100
InsertionSort, 25000, 467, 22828300
InsertionSort, 25000, 468, 22837600
InsertionSort, 25000, 469, 23239800
InsertionSort, 25000, 470, 22772500
InsertionSort, 25000, 471, 22979500
InsertionSort, 25000, 472, 23577600
InsertionSort, 25000, 473, 24429000
InsertionSort, 25000, 474, 22699700
InsertionSort, 25000, 475, 23021900
InsertionSort, 25000, 476, 22657800
InsertionSort, 25000, 477, 22627600
InsertionSort, 25000, 478, 22632100
InsertionSort, 25000, 479, 22630100
InsertionSort, 25000, 480, 23533500
InsertionSort, 25000, 481, 22258800
InsertionSort, 25000, 482, 22697400
InsertionSort, 25000, 483, 22204500
InsertionSort, 25000, 484, 23203000
InsertionSort, 25000, 485, 22360000
InsertionSort, 25000, 486, 23313800
InsertionSort, 25000, 487, 22316100
InsertionSort, 25000, 488, 22103300
InsertionSort, 25000, 489, 22321600
InsertionSort, 25000, 490, 22416400
InsertionSort, 25000, 491, 22082600
InsertionSort, 25000, 492, 22764400
InsertionSort, 25000, 493, 22556300
InsertionSort, 25000, 494, 22675500
InsertionSort, 25000, 495, 22260400
InsertionSort, 25000, 496, 22048700
InsertionSort, 25000, 497, 24320700
InsertionSort, 25000, 498, 22271900
InsertionSort, 25000, 499, 22475300
InsertionSort, 25000, 500, 24468300
InsertionSort, 25000, 501, 22594800
InsertionSort, 25000, 502, 22661000
InsertionSort, 25000, 503, 22557200
InsertionSort, 25000, 504, 23701100
InsertionSort, 25000, 505, 23632900
InsertionSort, 25000, 506, 23803000
InsertionSort, 25000, 507, 23946500
InsertionSort, 25000, 508, 23665300
InsertionSort, 25000, 509, 22951100
InsertionSort, 25000, 510, 22741600
InsertionSort, 25000, 511, 22609400
InsertionSort, 25000, 512, 23871700
InsertionSort, 25000, 513, 23117800
InsertionSort, 25000, 514, 23247500
InsertionSort, 25000, 515, 23633700
InsertionSort, 25000, 516, 23062300
InsertionSort, 25000, 517, 22837100
InsertionSort, 25000, 518, 22574100
InsertionSort, 25000, 519, 22221100
InsertionSort, 25000, 520, 23488800
InsertionSort, 25000, 521, 22588500
InsertionSort, 25000, 522, 23090700
InsertionSort, 25000, 523, 23422900
InsertionSort, 25000, 524, 22348800
InsertionSort, 25000, 525, 22540300
InsertionSort, 25000, 526, 22568900
InsertionSort, 25000, 527, 25207600
InsertionSort, 25000, 528, 22173000
InsertionSort, 25000, 529, 22951800
InsertionSort, 25000, 530, 22216600
InsertionSort, 25000, 531, 22581000
InsertionSort, 25000, 532, 24218400
InsertionSort, 25000, 533, 22328100
InsertionSort, 25000, 534, 28568400
InsertionSort, 25000, 535, 23335800
InsertionSort, 25000, 536, 22325200
InsertionSort, 25000, 537, 22974300
InsertionSort, 25000, 538, 23439600
InsertionSort, 25000, 539, 22112000
InsertionSort, 25000, 540, 22892100
InsertionSort, 25000, 541, 25156200
InsertionSort, 25000, 542, 23573100
InsertionSort, 25000, 543, 22826100
InsertionSort, 25000, 544, 22433000
InsertionSort, 25000, 545, 24270800
InsertionSort, 25000, 546, 22554600
InsertionSort, 25000, 547, 22633200
InsertionSort, 25000, 548, 24264100
InsertionSort, 25000, 549, 25376900
InsertionSort, 25000, 550, 23121500
InsertionSort, 25000, 551, 24395000
InsertionSort, 25000, 552, 24394200
InsertionSort, 25000, 553, 23345800
InsertionSort, 25000, 554, 22322500
InsertionSort, 25000, 555, 22609600
InsertionSort, 25000, 556, 22862600
InsertionSort, 25000, 557, 22542200
InsertionSort, 25000, 558, 22508200
InsertionSort, 25000, 559, 22759200
InsertionSort, 25000, 560, 23823200
InsertionSort, 25000, 561, 22145300
InsertionSort, 25000, 562, 22180500
InsertionSort, 25000, 563, 23376000
InsertionSort, 25000, 564, 23301900
InsertionSort, 25000, 565, 23122300
InsertionSort, 25000, 566, 23710600
InsertionSort, 25000, 567, 23296200
InsertionSort, 25000, 568, 27292800
InsertionSort, 25000, 569, 22807100
InsertionSort, 25000, 570, 31714000
InsertionSort, 25000, 571, 23124900
InsertionSort, 25000, 572, 23522300
InsertionSort, 25000, 573, 22887700
InsertionSort, 25000, 574, 22337300
InsertionSort, 25000, 575, 22539800
InsertionSort, 25000, 576, 23045400
InsertionSort, 25000, 577, 23930900
InsertionSort, 25000, 578, 22830100
InsertionSort, 25000, 579, 24759700
InsertionSort, 25000, 580, 22563900
InsertionSort, 25000, 581, 22190800
InsertionSort, 25000, 582, 22403400
InsertionSort, 25000, 583, 23427800
InsertionSort, 25000, 584, 23570700
InsertionSort, 25000, 585, 22445500
InsertionSort, 25000, 586, 23117500
InsertionSort, 25000, 587, 22362700
InsertionSort, 25000, 588, 22487000
InsertionSort, 25000, 589, 23042400
InsertionSort, 25000, 590, 22340800
InsertionSort, 25000, 591, 25408700
InsertionSort, 25000, 592, 24623300
InsertionSort, 25000, 593, 25024800
InsertionSort, 25000, 594, 23557600
InsertionSort, 25000, 595, 24413900
InsertionSort, 25000, 596, 23582800
InsertionSort, 25000, 597, 23058300
InsertionSort, 25000, 598, 23879100
InsertionSort, 25000, 599, 24305900
InsertionSort, 25000, 600, 24257000
InsertionSort, 25000, 601, 23963800
InsertionSort, 25000, 602, 23391000
InsertionSort, 25000, 603, 23453300
InsertionSort, 25000, 604, 22575600
InsertionSort, 25000, 605, 22722400
InsertionSort, 25000, 606, 24594800
InsertionSort, 25000, 607, 23491600
InsertionSort, 25000, 608, 26337400
InsertionSort, 25000, 609, 23386900
InsertionSort, 25000, 610, 22730000
InsertionSort, 25000, 611, 22491800
InsertionSort, 25000, 612, 22821600
InsertionSort, 25000, 613, 22752500
InsertionSort, 25000, 614, 22569100
InsertionSort, 25000, 615, 22514000
InsertionSort, 25000, 616, 22801800
InsertionSort, 25000, 617, 22594700
InsertionSort, 25000, 618, 24131800
InsertionSort, 25000, 619, 24179200
InsertionSort, 25000, 620, 23522000
InsertionSort, 25000, 621, 22465200
InsertionSort, 25000, 622, 22575000
InsertionSort, 25000, 623, 22657500
InsertionSort, 25000, 624, 22552100
InsertionSort, 25000, 625, 22406300
InsertionSort, 25000, 626, 22265300
InsertionSort, 25000, 627, 22300400
InsertionSort, 25000, 628, 22266300
InsertionSort, 25000, 629, 22240300
InsertionSort, 25000, 630, 22216200
InsertionSort, 25000, 631, 22404700
InsertionSort, 25000, 632, 22987900
InsertionSort, 25000, 633, 22861100
InsertionSort, 25000, 634, 23268700
InsertionSort, 25000, 635, 22979000
InsertionSort, 25000, 636, 22629900
InsertionSort, 25000, 637, 23862800
InsertionSort, 25000, 638, 22515900
InsertionSort, 25000, 639, 23393400
InsertionSort, 25000, 640, 23448700
InsertionSort, 25000, 641, 22743800
InsertionSort, 25000, 642, 22208400
InsertionSort, 25000, 643, 22675700
InsertionSort, 25000, 644, 23866100
InsertionSort, 25000, 645, 23500800
InsertionSort, 25000, 646, 23207500
InsertionSort, 25000, 647, 22824000
InsertionSort, 25000, 648, 23307200
InsertionSort, 25000, 649, 23078700
InsertionSort, 25000, 650, 23351800
InsertionSort, 25000, 651, 23408400
InsertionSort, 25000, 652, 22849500
InsertionSort, 25000, 653, 22291800
InsertionSort, 25000, 654, 22215600
InsertionSort, 25000, 655, 26446300
InsertionSort, 25000, 656, 23648100
InsertionSort, 25000, 657, 22345000
InsertionSort, 25000, 658, 22261600
InsertionSort, 25000, 659, 22277600
InsertionSort, 25000, 660, 22291000
InsertionSort, 25000, 661, 22377300
InsertionSort, 25000, 662, 22383300
InsertionSort, 25000, 663, 22371400
InsertionSort, 25000, 664, 22482300
InsertionSort, 25000, 665, 22173200
InsertionSort, 25000, 666, 23046100
InsertionSort, 25000, 667, 22988300
InsertionSort, 25000, 668, 22970900
InsertionSort, 25000, 669, 22375900
InsertionSort, 25000, 670, 22697200
InsertionSort, 25000, 671, 23536100
InsertionSort, 25000, 672, 23127300
InsertionSort, 25000, 673, 22473900
InsertionSort, 25000, 674, 23106200
InsertionSort, 25000, 675, 22565200
InsertionSort, 25000, 676, 23858600
InsertionSort, 25000, 677, 22452200
InsertionSort, 25000, 678, 22407200
InsertionSort, 25000, 679, 23637100
InsertionSort, 25000, 680, 22479400
InsertionSort, 25000, 681, 25143800
InsertionSort, 25000, 682, 24382400
InsertionSort, 25000, 683, 23043200
InsertionSort, 25000, 684, 22124100
InsertionSort, 25000, 685, 24184500
InsertionSort, 25000, 686, 25737300
InsertionSort, 25000, 687, 23029700
InsertionSort, 25000, 688, 23063700
InsertionSort, 25000, 689, 23099000
InsertionSort, 25000, 690, 23430800
InsertionSort, 25000, 691, 22905400
InsertionSort, 25000, 692, 24928800
InsertionSort, 25000, 693, 23096700
InsertionSort, 25000, 694, 23528800
InsertionSort, 25000, 695, 23985700
InsertionSort, 25000, 696, 24880600
InsertionSort, 25000, 697, 23353100
InsertionSort, 25000, 698, 24709600
InsertionSort, 25000, 699, 23691900
InsertionSort, 25000, 700, 23549300
InsertionSort, 25000, 701, 23213200
InsertionSort, 25000, 702, 23234900
InsertionSort, 25000, 703, 22677700
InsertionSort, 25000, 704, 22559200
InsertionSort, 25000, 705, 23801700
InsertionSort, 25000, 706, 24187400
InsertionSort, 25000, 707, 23671200
InsertionSort, 25000, 708, 22321500
InsertionSort, 25000, 709, 22224100
InsertionSort, 25000, 710, 33395600
InsertionSort, 25000, 711, 23888700
InsertionSort, 25000, 712, 22849000
InsertionSort, 25000, 713, 22355500
InsertionSort, 25000, 714, 22805600
InsertionSort, 25000, 715, 22706100
InsertionSort, 25000, 716, 22221200
InsertionSort, 25000, 717, 22590000
InsertionSort, 25000, 718, 22559500
InsertionSort, 25000, 719, 22257500
InsertionSort, 25000, 720, 22553500
InsertionSort, 25000, 721, 23673100
InsertionSort, 25000, 722, 23050900
InsertionSort, 25000, 723, 22592600
InsertionSort, 25000, 724, 22110300
InsertionSort, 25000, 725, 22169700
InsertionSort, 25000, 726, 22959300
InsertionSort, 25000, 727, 22267500
InsertionSort, 25000, 728, 22130700
InsertionSort, 25000, 729, 24275900
InsertionSort, 25000, 730, 22562900
InsertionSort, 25000, 731, 22354700
InsertionSort, 25000, 732, 22300800
InsertionSort, 25000, 733, 22191200
InsertionSort, 25000, 734, 22336500
InsertionSort, 25000, 735, 23915900
InsertionSort, 25000, 736, 24370300
InsertionSort, 25000, 737, 24214700
InsertionSort, 25000, 738, 24268200
InsertionSort, 25000, 739, 23475500
InsertionSort, 25000, 740, 22527400
InsertionSort, 25000, 741, 22638100
InsertionSort, 25000, 742, 23934800
InsertionSort, 25000, 743, 22232400
InsertionSort, 25000, 744, 22312300
InsertionSort, 25000, 745, 22804100
InsertionSort, 25000, 746, 22092200
InsertionSort, 25000, 747, 22504100
InsertionSort, 25000, 748, 22171500
InsertionSort, 25000, 749, 22612100
InsertionSort, 25000, 750, 23716700
InsertionSort, 25000, 751, 22351200
InsertionSort, 25000, 752, 23075600
InsertionSort, 25000, 753, 22428400
InsertionSort, 25000, 754, 24234500
InsertionSort, 25000, 755, 22553300
InsertionSort, 25000, 756, 25099200
InsertionSort, 25000, 757, 23624900
InsertionSort, 25000, 758, 22644900
InsertionSort, 25000, 759, 24108000
InsertionSort, 25000, 760, 23349200
InsertionSort, 25000, 761, 23810900
InsertionSort, 25000, 762, 23796000
InsertionSort, 25000, 763, 23089900
InsertionSort, 25000, 764, 22495500
InsertionSort, 25000, 765, 22056200
InsertionSort, 25000, 766, 24388600
InsertionSort, 25000, 767, 22305300
InsertionSort, 25000, 768, 22316100
InsertionSort, 25000, 769, 22343500
InsertionSort, 25000, 770, 22138600
InsertionSort, 25000, 771, 22090500
InsertionSort, 25000, 772, 22764100
InsertionSort, 25000, 773, 22441500
InsertionSort, 25000, 774, 22207000
InsertionSort, 25000, 775, 23711500
InsertionSort, 25000, 776, 22770600
InsertionSort, 25000, 777, 22977800
InsertionSort, 25000, 778, 22586100
InsertionSort, 25000, 779, 22675100
InsertionSort, 25000, 780, 24487000
InsertionSort, 25000, 781, 22467700
InsertionSort, 25000, 782, 23017100
InsertionSort, 25000, 783, 24430100
InsertionSort, 25000, 784, 22849400
InsertionSort, 25000, 785, 22924100
InsertionSort, 25000, 786, 23110600
InsertionSort, 25000, 787, 24232700
InsertionSort, 25000, 788, 25761100
InsertionSort, 25000, 789, 24242900
InsertionSort, 25000, 790, 22920400
InsertionSort, 25000, 791, 23369400
InsertionSort, 25000, 792, 22988000
InsertionSort, 25000, 793, 22842300
InsertionSort, 25000, 794, 22927000
InsertionSort, 25000, 795, 23788100
InsertionSort, 25000, 796, 24103000
InsertionSort, 25000, 797, 22740000
InsertionSort, 25000, 798, 22822900
InsertionSort, 25000, 799, 23136600
InsertionSort, 25000, 800, 22276600
InsertionSort, 25000, 801, 22440400
InsertionSort, 25000, 802, 22136900
InsertionSort, 25000, 803, 22772200
InsertionSort, 25000, 804, 22278700
InsertionSort, 25000, 805, 24337500
InsertionSort, 25000, 806, 23041400
InsertionSort, 25000, 807, 22300700
InsertionSort, 25000, 808, 22396100
InsertionSort, 25000, 809, 23538500
InsertionSort, 25000, 810, 22424600
InsertionSort, 25000, 811, 23192600
InsertionSort, 25000, 812, 22462200
InsertionSort, 25000, 813, 22189000
InsertionSort, 25000, 814, 22164500
InsertionSort, 25000, 815, 22264100
InsertionSort, 25000, 816, 22058500
InsertionSort, 25000, 817, 23039100
InsertionSort, 25000, 818, 22399800
InsertionSort, 25000, 819, 23671300
InsertionSort, 25000, 820, 23592600
InsertionSort, 25000, 821, 22684100
InsertionSort, 25000, 822, 23432800
InsertionSort, 25000, 823, 22858300
InsertionSort, 25000, 824, 22468100
InsertionSort, 25000, 825, 22749400
InsertionSort, 25000, 826, 22656500
InsertionSort, 25000, 827, 22316300
InsertionSort, 25000, 828, 25260200
InsertionSort, 25000, 829, 22646400
InsertionSort, 25000, 830, 23856900
InsertionSort, 25000, 831, 23088600
InsertionSort, 25000, 832, 27432700
InsertionSort, 25000, 833, 22320000
InsertionSort, 25000, 834, 23084500
InsertionSort, 25000, 835, 25022600
InsertionSort, 25000, 836, 22160300
InsertionSort, 25000, 837, 23088800
InsertionSort, 25000, 838, 22866300
InsertionSort, 25000, 839, 23289400
InsertionSort, 25000, 840, 23655500
InsertionSort, 25000, 841, 23115200
InsertionSort, 25000, 842, 23308900
InsertionSort, 25000, 843, 22837000
InsertionSort, 25000, 844, 22399700
InsertionSort, 25000, 845, 22410800
InsertionSort, 25000, 846, 22212500
InsertionSort, 25000, 847, 22795900
InsertionSort, 25000, 848, 24252300
InsertionSort, 25000, 849, 22432500
InsertionSort, 25000, 850, 22279600
InsertionSort, 25000, 851, 22253400
InsertionSort, 25000, 852, 25752200
InsertionSort, 25000, 853, 22115500
InsertionSort, 25000, 854, 23154000
InsertionSort, 25000, 855, 22226100
InsertionSort, 25000, 856, 22855500
InsertionSort, 25000, 857, 22424400
InsertionSort, 25000, 858, 22317500
InsertionSort, 25000, 859, 22006400
InsertionSort, 25000, 860, 22562400
InsertionSort, 25000, 861, 22447500
InsertionSort, 25000, 862, 22672600
InsertionSort, 25000, 863, 23253100
InsertionSort, 25000, 864, 22297700
InsertionSort, 25000, 865, 22381400
InsertionSort, 25000, 866, 22180200
InsertionSort, 25000, 867, 22859000
InsertionSort, 25000, 868, 22794800
InsertionSort, 25000, 869, 22260800
InsertionSort, 25000, 870, 22290600
InsertionSort, 25000, 871, 22215100
InsertionSort, 25000, 872, 22439900
InsertionSort, 25000, 873, 23765700
InsertionSort, 25000, 874, 22596900
InsertionSort, 25000, 875, 22504500
InsertionSort, 25000, 876, 28207900
InsertionSort, 25000, 877, 22574700
InsertionSort, 25000, 878, 22480000
InsertionSort, 25000, 879, 22106500
InsertionSort, 25000, 880, 22222400
InsertionSort, 25000, 881, 22221200
InsertionSort, 25000, 882, 22283400
InsertionSort, 25000, 883, 22280200
InsertionSort, 25000, 884, 22594400
InsertionSort, 25000, 885, 22571500
InsertionSort, 25000, 886, 22493100
InsertionSort, 25000, 887, 22984500
InsertionSort, 25000, 888, 22344100
InsertionSort, 25000, 889, 22331100
InsertionSort, 25000, 890, 22091700
InsertionSort, 25000, 891, 22156300
InsertionSort, 25000, 892, 22492700
InsertionSort, 25000, 893, 22411900
InsertionSort, 25000, 894, 22458500
InsertionSort, 25000, 895, 23025600
InsertionSort, 25000, 896, 23154300
InsertionSort, 25000, 897, 23658100
InsertionSort, 25000, 898, 22588600
InsertionSort, 25000, 899, 22807700
InsertionSort, 25000, 900, 22368400
InsertionSort, 25000, 901, 22949400
InsertionSort, 25000, 902, 23526200
InsertionSort, 25000, 903, 22559400
InsertionSort, 25000, 904, 22465300
InsertionSort, 25000, 905, 23108700
InsertionSort, 25000, 906, 22307000
InsertionSort, 25000, 907, 22221600
InsertionSort, 25000, 908, 23498900
InsertionSort, 25000, 909, 22314100
InsertionSort, 25000, 910, 24935200
InsertionSort, 25000, 911, 23680800
InsertionSort, 25000, 912, 24090600
InsertionSort, 25000, 913, 25034100
InsertionSort, 25000, 914, 24356100
InsertionSort, 25000, 915, 24242100
InsertionSort, 25000, 916, 24668700
InsertionSort, 25000, 917, 25113200
InsertionSort, 25000, 918, 23745600
InsertionSort, 25000, 919, 23203600
InsertionSort, 25000, 920, 23359800
InsertionSort, 25000, 921, 23021700
InsertionSort, 25000, 922, 23800700
InsertionSort, 25000, 923, 23036000
InsertionSort, 25000, 924, 27627100
InsertionSort, 25000, 925, 23107800
InsertionSort, 25000, 926, 23217200
InsertionSort, 25000, 927, 23837300
InsertionSort, 25000, 928, 23499200
InsertionSort, 25000, 929, 23499100
InsertionSort, 25000, 930, 23312200
InsertionSort, 25000, 931, 24795800
InsertionSort, 25000, 932, 25136600
InsertionSort, 25000, 933, 24934800
InsertionSort, 25000, 934, 23472800
InsertionSort, 25000, 935, 22665500
InsertionSort, 25000, 936, 22948800
InsertionSort, 25000, 937, 22648900
InsertionSort, 25000, 938, 23896100
InsertionSort, 25000, 939, 23155900
InsertionSort, 25000, 940, 22301500
InsertionSort, 25000, 941, 23103300
InsertionSort, 25000, 942, 24665300
InsertionSort, 25000, 943, 22559600
InsertionSort, 25000, 944, 22303400
InsertionSort, 25000, 945, 22405400
InsertionSort, 25000, 946, 22384100
InsertionSort, 25000, 947, 25441000
InsertionSort, 25000, 948, 22937600
InsertionSort, 25000, 949, 22677600
InsertionSort, 25000, 950, 22412700
InsertionSort, 25000, 951, 22386200
InsertionSort, 25000, 952, 22476200
InsertionSort, 25000, 953, 23143900
InsertionSort, 25000, 954, 27540400
InsertionSort, 25000, 955, 23481400
InsertionSort, 25000, 956, 22986900
InsertionSort, 25000, 957, 23362200
InsertionSort, 25000, 958, 23010000
InsertionSort, 25000, 959, 23012800
InsertionSort, 25000, 960, 22729300
InsertionSort, 25000, 961, 22859700
InsertionSort, 25000, 962, 22303200
InsertionSort, 25000, 963, 22392400
InsertionSort, 25000, 964, 22347200
InsertionSort, 25000, 965, 24099300
InsertionSort, 25000, 966, 22033600
InsertionSort, 25000, 967, 22307200
InsertionSort, 25000, 968, 22425300
InsertionSort, 25000, 969, 22173900
InsertionSort, 25000, 970, 22476300
InsertionSort, 25000, 971, 22211900
InsertionSort, 25000, 972, 22336600
InsertionSort, 25000, 973, 22534000
InsertionSort, 25000, 974, 22746400
InsertionSort, 25000, 975, 22431100
InsertionSort, 25000, 976, 22471700
InsertionSort, 25000, 977, 22227100
InsertionSort, 25000, 978, 23269000
InsertionSort, 25000, 979, 22708400
InsertionSort, 25000, 980, 22826900
InsertionSort, 25000, 981, 22156600
InsertionSort, 25000, 982, 33075100
InsertionSort, 25000, 983, 22148400
InsertionSort, 25000, 984, 22839200
InsertionSort, 25000, 985, 22487500
InsertionSort, 25000, 986, 22791200
InsertionSort, 25000, 987, 23291400
InsertionSort, 25000, 988, 25028300
InsertionSort, 25000, 989, 22833700
InsertionSort, 25000, 990, 22948100
InsertionSort, 25000, 991, 22547800
InsertionSort, 25000, 992, 22213400
InsertionSort, 25000, 993, 22220300
InsertionSort, 25000, 994, 22029200
InsertionSort, 25000, 995, 23307700
InsertionSort, 25000, 996, 22305000
InsertionSort, 25000, 997, 22196700
InsertionSort, 25000, 998, 22226100
InsertionSort, 25000, 999, 22406500
InsertionSort, 25000, 1000, 22188600
SelectionSort, 25000, 1, 66922800
SelectionSort, 25000, 2, 66443000
SelectionSort, 25000, 3, 68057500
SelectionSort, 25000, 4, 73035700
SelectionSort, 25000, 5, 62638500
SelectionSort, 25000, 6, 67545100
SelectionSort, 25000, 7, 76174400
SelectionSort, 25000, 8, 70839100
SelectionSort, 25000, 9, 66596200
SelectionSort, 25000, 10, 64168300
SelectionSort, 25000, 11, 67104700
SelectionSort, 25000, 12, 67943700
SelectionSort, 25000, 13, 68610600
SelectionSort, 25000, 14, 67405000
SelectionSort, 25000, 15, 69769800
SelectionSort, 25000, 16, 63191200
SelectionSort, 25000, 17, 61310200
SelectionSort, 25000, 18, 64086500
SelectionSort, 25000, 19, 68742000
SelectionSort, 25000, 20, 68300600
SelectionSort, 25000, 21, 68215300
SelectionSort, 25000, 22, 69879000
SelectionSort, 25000, 23, 62867400
SelectionSort, 25000, 24, 63988800
SelectionSort, 25000, 25, 86278200
SelectionSort, 25000, 26, 67523700
SelectionSort, 25000, 27, 67905400
SelectionSort, 25000, 28, 69376700
SelectionSort, 25000, 29, 68806300
SelectionSort, 25000, 30, 62081900
SelectionSort, 25000, 31, 66500200
SelectionSort, 25000, 32, 64336700
SelectionSort, 25000, 33, 69330300
SelectionSort, 25000, 34, 69913600
SelectionSort, 25000, 35, 73296800
SelectionSort, 25000, 36, 81514900
SelectionSort, 25000, 37, 77944100
SelectionSort, 25000, 38, 74050200
SelectionSort, 25000, 39, 74821000
SelectionSort, 25000, 40, 70816200
SelectionSort, 25000, 41, 71555500
SelectionSort, 25000, 42, 76520500
SelectionSort, 25000, 43, 71151400
SelectionSort, 25000, 44, 70858800
SelectionSort, 25000, 45, 78388800
SelectionSort, 25000, 46, 73728400
SelectionSort, 25000, 47, 70848000
SelectionSort, 25000, 48, 64334300
SelectionSort, 25000, 49, 67627100
SelectionSort, 25000, 50, 64162600
SelectionSort, 25000, 51, 72043100
SelectionSort, 25000, 52, 73342300
SelectionSort, 25000, 53, 70298200
SelectionSort, 25000, 54, 76543000
SelectionSort, 25000, 55, 75959000
SelectionSort, 25000, 56, 66415000
SelectionSort, 25000, 57, 79818800
SelectionSort, 25000, 58, 78411300
SelectionSort, 25000, 59, 68607600
SelectionSort, 25000, 60, 66518300
SelectionSort, 25000, 61, 58392200
SelectionSort, 25000, 62, 62766000
SelectionSort, 25000, 63, 68918200
SelectionSort, 25000, 64, 66958400
SelectionSort, 25000, 65, 67684500
SelectionSort, 25000, 66, 66675200
SelectionSort, 25000, 67, 57463600
SelectionSort, 25000, 68, 63017100
SelectionSort, 25000, 69, 61942800
SelectionSort, 25000, 70, 63671800
SelectionSort, 25000, 71, 68121000
SelectionSort, 25000, 72, 68259500
SelectionSort, 25000, 73, 71991900
SelectionSort, 25000, 74, 73388700
SelectionSort, 25000, 75, 71895000
SelectionSort, 25000, 76, 67249800
SelectionSort, 25000, 77, 69697600
SelectionSort, 25000, 78, 63912400
SelectionSort, 25000, 79, 61125500
SelectionSort, 25000, 80, 69928500
SelectionSort, 25000, 81, 59791000
SelectionSort, 25000, 82, 69225000
SelectionSort, 25000, 83, 64744900
SelectionSort, 25000, 84, 69461400
SelectionSort, 25000, 85, 65177200
SelectionSort, 25000, 86, 63790600
SelectionSort, 25000, 87, 67280100
SelectionSort, 25000, 88, 62795300
SelectionSort, 25000, 89, 66392600
SelectionSort, 25000, 90, 62080900
SelectionSort, 25000, 91, 65424600
SelectionSort, 25000, 92, 73583300
SelectionSort, 25000, 93, 66804500
SelectionSort, 25000, 94, 75625700
SelectionSort, 25000, 95, 65402400
SelectionSort, 25000, 96, 73898300
SelectionSort, 25000, 97, 65464000
SelectionSort, 25000, 98, 74531600
SelectionSort, 25000, 99, 68394400
SelectionSort, 25000, 100, 75196900
SelectionSort, 25000, 101, 68853400
SelectionSort, 25000, 102, 70412000
SelectionSort, 25000, 103, 66951900
SelectionSort, 25000, 104, 70770900
SelectionSort, 25000, 105, 66845200
SelectionSort, 25000, 106, 69628800
SelectionSort, 25000, 107, 73892900
SelectionSort, 25000, 108, 63549200
SelectionSort, 25000, 109, 60705700
SelectionSort, 25000, 110, 65227900
SelectionSort, 25000, 111, 63452500
SelectionSort, 25000, 112, 65363700
SelectionSort, 25000, 113, 60766200
SelectionSort, 25000, 114, 67230600
SelectionSort, 25000, 115, 71060100
SelectionSort, 25000, 116, 66072800
SelectionSort, 25000, 117, 74885000
SelectionSort, 25000, 118, 64331000
SelectionSort, 25000, 119, 69811600
SelectionSort, 25000, 120, 69021700
SelectionSort, 25000, 121, 69781400
SelectionSort, 25000, 122, 70766100
SelectionSort, 25000, 123, 68744400
SelectionSort, 25000, 124, 65113500
SelectionSort, 25000, 125, 67818300
SelectionSort, 25000, 126, 70396900
SelectionSort, 25000, 127, 63068400
SelectionSort, 25000, 128, 70540600
SelectionSort, 25000, 129, 68879300
SelectionSort, 25000, 130, 68312500
SelectionSort, 25000, 131, 69847200
SelectionSort, 25000, 132, 69610500
SelectionSort, 25000, 133, 69592800
SelectionSort, 25000, 134, 68279100
SelectionSort, 25000, 135, 69882400
SelectionSort, 25000, 136, 67564700
SelectionSort, 25000, 137, 66814900
SelectionSort, 25000, 138, 69507900
SelectionSort, 25000, 139, 70012700
SelectionSort, 25000, 140, 62819400
SelectionSort, 25000, 141, 65550700
SelectionSort, 25000, 142, 62552700
SelectionSort, 25000, 143, 67786100
SelectionSort, 25000, 144, 68857200
SelectionSort, 25000, 145, 66016900
SelectionSort, 25000, 146, 63989300
SelectionSort, 25000, 147, 63194600
SelectionSort, 25000, 148, 64658400
SelectionSort, 25000, 149, 60467700
SelectionSort, 25000, 150, 60889000
SelectionSort, 25000, 151, 63572800
SelectionSort, 25000, 152, 57014800
SelectionSort, 25000, 153, 59572600
SelectionSort, 25000, 154, 70188000
SelectionSort, 25000, 155, 60274900
SelectionSort, 25000, 156, 63960500
SelectionSort, 25000, 157, 66461000
SelectionSort, 25000, 158, 67106700
SelectionSort, 25000, 159, 65983700
SelectionSort, 25000, 160, 61394400
SelectionSort, 25000, 161, 67634900
SelectionSort, 25000, 162, 60765400
SelectionSort, 25000, 163, 69517000
SelectionSort, 25000, 164, 60745600
SelectionSort, 25000, 165, 69751900
SelectionSort, 25000, 166, 69341600
SelectionSort, 25000, 167, 64746500
SelectionSort, 25000, 168, 61582500
SelectionSort, 25000, 169, 67847300
SelectionSort, 25000, 170, 67580900
SelectionSort, 25000, 171, 61415400
SelectionSort, 25000, 172, 69206300
SelectionSort, 25000, 173, 70386400
SelectionSort, 25000, 174, 63782800
SelectionSort, 25000, 175, 59886400
SelectionSort, 25000, 176, 71353800
SelectionSort, 25000, 177, 64213400
SelectionSort, 25000, 178, 62517000
SelectionSort, 25000, 179, 69675500
SelectionSort, 25000, 180, 70076000
SelectionSort, 25000, 181, 69158800
SelectionSort, 25000, 182, 63604500
SelectionSort, 25000, 183, 69520000
SelectionSort, 25000, 184, 67488700
SelectionSort, 25000, 185, 65156700
SelectionSort, 25000, 186, 73106100
SelectionSort, 25000, 187, 66438300
SelectionSort, 25000, 188, 68756500
SelectionSort, 25000, 189, 68075200
SelectionSort, 25000, 190, 68812500
SelectionSort, 25000, 191, 62910600
SelectionSort, 25000, 192, 65131300
SelectionSort, 25000, 193, 58855000
SelectionSort, 25000, 194, 69674200
SelectionSort, 25000, 195, 65013300
SelectionSort, 25000, 196, 69324500
SelectionSort, 25000, 197, 61458900
SelectionSort, 25000, 198, 63277200
SelectionSort, 25000, 199, 69738300
SelectionSort, 25000, 200, 64579100
SelectionSort, 25000, 201, 72492100
SelectionSort, 25000, 202, 62229700
SelectionSort, 25000, 203, 66809000
SelectionSort, 25000, 204, 70312800
SelectionSort, 25000, 205, 67553400
SelectionSort, 25000, 206, 89491200
SelectionSort, 25000, 207, 70303500
SelectionSort, 25000, 208, 60733400
SelectionSort, 25000, 209, 64112200
SelectionSort, 25000, 210, 69742500
SelectionSort, 25000, 211, 64631600
SelectionSort, 25000, 212, 68694800
SelectionSort, 25000, 213, 63874100
SelectionSort, 25000, 214, 66278000
SelectionSort, 25000, 215, 64658200
SelectionSort, 25000, 216, 64928400
SelectionSort, 25000, 217, 71695000
SelectionSort, 25000, 218, 65329400
SelectionSort, 25000, 219, 73200300
SelectionSort, 25000, 220, 61058900
SelectionSort, 25000, 221, 60653000
SelectionSort, 25000, 222, 61326200
SelectionSort, 25000, 223, 60261000
SelectionSort, 25000, 224, 68888200
SelectionSort, 25000, 225, 70948500
SelectionSort, 25000, 226, 57706900
SelectionSort, 25000, 227, 70030800
SelectionSort, 25000, 228, 53647800
SelectionSort, 25000, 229, 67840200
SelectionSort, 25000, 230, 60827500
SelectionSort, 25000, 231, 59826300
SelectionSort, 25000, 232, 69262400
SelectionSort, 25000, 233, 65697900
SelectionSort, 25000, 234, 66656000
SelectionSort, 25000, 235, 66437300
SelectionSort, 25000, 236, 65235800
SelectionSort, 25000, 237, 61220900
SelectionSort, 25000, 238, 61820600
SelectionSort, 25000, 239, 64506600
SelectionSort, 25000, 240, 64011000
SelectionSort, 25000, 241, 65344500
SelectionSort, 25000, 242, 66244400
SelectionSort, 25000, 243, 62677700
SelectionSort, 25000, 244, 61065200
SelectionSort, 25000, 245, 63002100
SelectionSort, 25000, 246, 62718900
SelectionSort, 25000, 247, 70011800
SelectionSort, 25000, 248, 66912400
SelectionSort, 25000, 249, 69702900
SelectionSort, 25000, 250, 75007800
SelectionSort, 25000, 251, 65596000
SelectionSort, 25000, 252, 67764000
SelectionSort, 25000, 253, 67944700
SelectionSort, 25000, 254, 77373300
SelectionSort, 25000, 255, 80238400
SelectionSort, 25000, 256, 72431400
SelectionSort, 25000, 257, 68821400
SelectionSort, 25000, 258, 62765100
SelectionSort, 25000, 259, 63554800
SelectionSort, 25000, 260, 66861200
SelectionSort, 25000, 261, 68322900
SelectionSort, 25000, 262, 64842000
SelectionSort, 25000, 263, 68015900
SelectionSort, 25000, 264, 67019700
SelectionSort, 25000, 265, 70998100
SelectionSort, 25000, 266, 69660400
SelectionSort, 25000, 267, 72468700
SelectionSort, 25000, 268, 64809500
SelectionSort, 25000, 269, 70416400
SelectionSort, 25000, 270, 63834500
SelectionSort, 25000, 271, 62253700
SelectionSort, 25000, 272, 67625700
SelectionSort, 25000, 273, 70708900
SelectionSort, 25000, 274, 61514900
SelectionSort, 25000, 275, 66997400
SelectionSort, 25000, 276, 65433800
SelectionSort, 25000, 277, 63019100
SelectionSort, 25000, 278, 63445200
SelectionSort, 25000, 279, 66696200
SelectionSort, 25000, 280, 73947900
SelectionSort, 25000, 281, 67296100
SelectionSort, 25000, 282, 73173200
SelectionSort, 25000, 283, 66294000
SelectionSort, 25000, 284, 71618500
SelectionSort, 25000, 285, 73993100
SelectionSort, 25000, 286, 70112900
SelectionSort, 25000, 287, 70740800
SelectionSort, 25000, 288, 68328100
SelectionSort, 25000, 289, 66816200
SelectionSort, 25000, 290, 68863700
SelectionSort, 25000, 291, 68784000
SelectionSort, 25000, 292, 69428600
SelectionSort, 25000, 293, 64239900
SelectionSort, 25000, 294, 70980600
SelectionSort, 25000, 295, 62675400
SelectionSort, 25000, 296, 69275200
SelectionSort, 25000, 297, 67759400
SelectionSort, 25000, 298, 72161700
SelectionSort, 25000, 299, 66565700
SelectionSort, 25000, 300, 67353300
SelectionSort, 25000, 301, 68464100
SelectionSort, 25000, 302, 69743500
SelectionSort, 25000, 303, 67611400
SelectionSort, 25000, 304, 63558300
SelectionSort, 25000, 305, 68678000
SelectionSort, 25000, 306, 62791300
SelectionSort, 25000, 307, 64934200
SelectionSort, 25000, 308, 71685100
SelectionSort, 25000, 309, 58780800
SelectionSort, 25000, 310, 66286500
SelectionSort, 25000, 311, 67751600
SelectionSort, 25000, 312, 70097800
SelectionSort, 25000, 313, 66878800
SelectionSort, 25000, 314, 68555100
SelectionSort, 25000, 315, 64563500
SelectionSort, 25000, 316, 72456900
SelectionSort, 25000, 317, 84259500
SelectionSort, 25000, 318, 77176700
SelectionSort, 25000, 319, 66561700
SelectionSort, 25000, 320, 83424800
SelectionSort, 25000, 321, 75836900
SelectionSort, 25000, 322, 64798200
SelectionSort, 25000, 323, 72577800
SelectionSort, 25000, 324, 74632000
SelectionSort, 25000, 325, 69205300
SelectionSort, 25000, 326, 73859600
SelectionSort, 25000, 327, 70877000
SelectionSort, 25000, 328, 68970800
SelectionSort, 25000, 329, 65496200
SelectionSort, 25000, 330, 72011600
SelectionSort, 25000, 331, 73670100
SelectionSort, 25000, 332, 68691900
SelectionSort, 25000, 333, 70400700
SelectionSort, 25000, 334, 75651700
SelectionSort, 25000, 335, 67716200
SelectionSort, 25000, 336, 71483200
SelectionSort, 25000, 337, 71442800
SelectionSort, 25000, 338, 65902100
SelectionSort, 25000, 339, 75438800
SelectionSort, 25000, 340, 66203300
SelectionSort, 25000, 341, 67439600
SelectionSort, 25000, 342, 82964200
SelectionSort, 25000, 343, 76390400
SelectionSort, 25000, 344, 77517500
SelectionSort, 25000, 345, 70150400
SelectionSort, 25000, 346, 69340000
SelectionSort, 25000, 347, 70373100
SelectionSort, 25000, 348, 64269100
SelectionSort, 25000, 349, 75309100
SelectionSort, 25000, 350, 74968900
SelectionSort, 25000, 351, 75367200
SelectionSort, 25000, 352, 71674900
SelectionSort, 25000, 353, 73024600
SelectionSort, 25000, 354, 77490300
SelectionSort, 25000, 355, 73330200
SelectionSort, 25000, 356, 76745800
SelectionSort, 25000, 357, 70388800
SelectionSort, 25000, 358, 79872800
SelectionSort, 25000, 359, 68480400
SelectionSort, 25000, 360, 71733100
SelectionSort, 25000, 361, 74534600
SelectionSort, 25000, 362, 66391200
SelectionSort, 25000, 363, 75095100
SelectionSort, 25000, 364, 64367200
SelectionSort, 25000, 365, 68214300
SelectionSort, 25000, 366, 64480700
SelectionSort, 25000, 367, 69533200
SelectionSort, 25000, 368, 60392300
SelectionSort, 25000, 369, 58252300
SelectionSort, 25000, 370, 63853400
SelectionSort, 25000, 371, 64709200
SelectionSort, 25000, 372, 68365700
SelectionSort, 25000, 373, 65730500
SelectionSort, 25000, 374, 68737200
SelectionSort, 25000, 375, 65271300
SelectionSort, 25000, 376, 62616800
SelectionSort, 25000, 377, 62165600
SelectionSort, 25000, 378, 64541900
SelectionSort, 25000, 379, 58982900
SelectionSort, 25000, 380, 61715700
SelectionSort, 25000, 381, 71310700
SelectionSort, 25000, 382, 59249500
SelectionSort, 25000, 383, 73009700
SelectionSort, 25000, 384, 72966100
SelectionSort, 25000, 385, 73169900
SelectionSort, 25000, 386, 71560200
SelectionSort, 25000, 387, 67961800
SelectionSort, 25000, 388, 63278400
SelectionSort, 25000, 389, 67142400
SelectionSort, 25000, 390, 72362600
SelectionSort, 25000, 391, 71292500
SelectionSort, 25000, 392, 72474200
SelectionSort, 25000, 393, 73752600
SelectionSort, 25000, 394, 70173100
SelectionSort, 25000, 395, 67600400
SelectionSort, 25000, 396, 67067600
SelectionSort, 25000, 397, 66724200
SelectionSort, 25000, 398, 68247200
SelectionSort, 25000, 399, 65550000
SelectionSort, 25000, 400, 72754700
SelectionSort, 25000, 401, 67602800
SelectionSort, 25000, 402, 73684700
SelectionSort, 25000, 403, 79215700
SelectionSort, 25000, 404, 67410700
SelectionSort, 25000, 405, 62896100
SelectionSort, 25000, 406, 71461000
SelectionSort, 25000, 407, 57989800
SelectionSort, 25000, 408, 63105300
SelectionSort, 25000, 409, 65843200
SelectionSort, 25000, 410, 59727900
SelectionSort, 25000, 411, 69633200
SelectionSort, 25000, 412, 64636300
SelectionSort, 25000, 413, 64007400
SelectionSort, 25000, 414, 70954400
SelectionSort, 25000, 415, 68823200
SelectionSort, 25000, 416, 64393300
SelectionSort, 25000, 417, 61447700
SelectionSort, 25000, 418, 67966700
SelectionSort, 25000, 419, 67006600
SelectionSort, 25000, 420, 65261700
SelectionSort, 25000, 421, 69040800
SelectionSort, 25000, 422, 65034300
SelectionSort, 25000, 423, 70487000
SelectionSort, 25000, 424, 62864800
SelectionSort, 25000, 425, 69323200
SelectionSort, 25000, 426, 67828000
SelectionSort, 25000, 427, 67996300
SelectionSort, 25000, 428, 70184600
SelectionSort, 25000, 429, 73233300
SelectionSort, 25000, 430, 70609200
SelectionSort, 25000, 431, 81807700
SelectionSort, 25000, 432, 64478000
SelectionSort, 25000, 433, 67244600
SelectionSort, 25000, 434, 62063600
SelectionSort, 25000, 435, 64095500
SelectionSort, 25000, 436, 53921300
SelectionSort, 25000, 437, 62325900
SelectionSort, 25000, 438, 69636700
SelectionSort, 25000, 439, 62053800
SelectionSort, 25000, 440, 63076200
SelectionSort, 25000, 441, 68176600
SelectionSort, 25000, 442, 61166200
SelectionSort, 25000, 443, 61990700
SelectionSort, 25000, 444, 63038900
SelectionSort, 25000, 445, 67445800
SelectionSort, 25000, 446, 68868500
SelectionSort, 25000, 447, 73459600
SelectionSort, 25000, 448, 82174200
SelectionSort, 25000, 449, 64603100
SelectionSort, 25000, 450, 69074000
SelectionSort, 25000, 451, 65566000
SelectionSort, 25000, 452, 65753300
SelectionSort, 25000, 453, 62105500
SelectionSort, 25000, 454, 59774600
SelectionSort, 25000, 455, 66879000
SelectionSort, 25000, 456, 64267100
SelectionSort, 25000, 457, 65473700
SelectionSort, 25000, 458, 63318600
SelectionSort, 25000, 459, 60821700
SelectionSort, 25000, 460, 71224600
SelectionSort, 25000, 461, 59501600
SelectionSort, 25000, 462, 61652100
SelectionSort, 25000, 463, 63021300
SelectionSort, 25000, 464, 66847200
SelectionSort, 25000, 465, 65750800
SelectionSort, 25000, 466, 70788500
SelectionSort, 25000, 467, 64143000
SelectionSort, 25000, 468, 61324200
SelectionSort, 25000, 469, 65257000
SelectionSort, 25000, 470, 66671400
SelectionSort, 25000, 471, 69717300
SelectionSort, 25000, 472, 60545500
SelectionSort, 25000, 473, 64711500
SelectionSort, 25000, 474, 66098000
SelectionSort, 25000, 475, 69240300
SelectionSort, 25000, 476, 71142400
SelectionSort, 25000, 477, 69367300
SelectionSort, 25000, 478, 70854300
SelectionSort, 25000, 479, 64598900
SelectionSort, 25000, 480, 61075800
SelectionSort, 25000, 481, 62197700
SelectionSort, 25000, 482, 67362900
SelectionSort, 25000, 483, 63158000
SelectionSort, 25000, 484, 57085200
SelectionSort, 25000, 485, 69362100
SelectionSort, 25000, 486, 66465500
SelectionSort, 25000, 487, 66644100
SelectionSort, 25000, 488, 63510900
SelectionSort, 25000, 489, 67138700
SelectionSort, 25000, 490, 63217400
SelectionSort, 25000, 491, 64714200
SelectionSort, 25000, 492, 71107200
SelectionSort, 25000, 493, 69615100
SelectionSort, 25000, 494, 68229500
SelectionSort, 25000, 495, 68527400
SelectionSort, 25000, 496, 68813100
SelectionSort, 25000, 497, 65078500
SelectionSort, 25000, 498, 64290600
SelectionSort, 25000, 499, 70668500
SelectionSort, 25000, 500, 73883300
SelectionSort, 25000, 501, 65435000
SelectionSort, 25000, 502, 66241300
SelectionSort, 25000, 503, 65856800
SelectionSort, 25000, 504, 71504600
SelectionSort, 25000, 505, 67268100
SelectionSort, 25000, 506, 67770400
SelectionSort, 25000, 507, 72920000
SelectionSort, 25000, 508, 66331200
SelectionSort, 25000, 509, 71046000
SelectionSort, 25000, 510, 61396900
SelectionSort, 25000, 511, 66612200
SelectionSort, 25000, 512, 65140700
SelectionSort, 25000, 513, 63718200
SelectionSort, 25000, 514, 65319400
SelectionSort, 25000, 515, 68598100
SelectionSort, 25000, 516, 67147900
SelectionSort, 25000, 517, 70188800
SelectionSort, 25000, 518, 67424400
SelectionSort, 25000, 519, 64492000
SelectionSort, 25000, 520, 62644700
SelectionSort, 25000, 521, 61069300
SelectionSort, 25000, 522, 63950700
SelectionSort, 25000, 523, 68285800
SelectionSort, 25000, 524, 58882500
SelectionSort, 25000, 525, 71822900
SelectionSort, 25000, 526, 60670200
SelectionSort, 25000, 527, 71182900
SelectionSort, 25000, 528, 60092100
SelectionSort, 25000, 529, 55886600
SelectionSort, 25000, 530, 67066200
SelectionSort, 25000, 531, 65311500
SelectionSort, 25000, 532, 61638000
SelectionSort, 25000, 533, 71137100
SelectionSort, 25000, 534, 61950600
SelectionSort, 25000, 535, 70689800
SelectionSort, 25000, 536, 69595100
SelectionSort, 25000, 537, 66128300
SelectionSort, 25000, 538, 72873200
SelectionSort, 25000, 539, 71721100
SelectionSort, 25000, 540, 62982300
SelectionSort, 25000, 541, 73502300
SelectionSort, 25000, 542, 71480100
SelectionSort, 25000, 543, 65714000
SelectionSort, 25000, 544, 72402500
SelectionSort, 25000, 545, 71101300
SelectionSort, 25000, 546, 67854000
SelectionSort, 25000, 547, 64580000
SelectionSort, 25000, 548, 62034300
SelectionSort, 25000, 549, 65748000
SelectionSort, 25000, 550, 61934800
SelectionSort, 25000, 551, 69856500
SelectionSort, 25000, 552, 68414700
SelectionSort, 25000, 553, 70628200
SelectionSort, 25000, 554, 66738800
SelectionSort, 25000, 555, 64563800
SelectionSort, 25000, 556, 69219600
SelectionSort, 25000, 557, 70332000
SelectionSort, 25000, 558, 71534200
SelectionSort, 25000, 559, 66297000
SelectionSort, 25000, 560, 71664300
SelectionSort, 25000, 561, 66122400
SelectionSort, 25000, 562, 68065100
SelectionSort, 25000, 563, 63871200
SelectionSort, 25000, 564, 71200500
SelectionSort, 25000, 565, 69212500
SelectionSort, 25000, 566, 66244300
SelectionSort, 25000, 567, 66794300
SelectionSort, 25000, 568, 70226300
SelectionSort, 25000, 569, 69294100
SelectionSort, 25000, 570, 97447300
SelectionSort, 25000, 571, 66632000
SelectionSort, 25000, 572, 63785900
SelectionSort, 25000, 573, 61626600
SelectionSort, 25000, 574, 69730500
SelectionSort, 25000, 575, 66597300
SelectionSort, 25000, 576, 66087600
SelectionSort, 25000, 577, 67811200
SelectionSort, 25000, 578, 72549300
SelectionSort, 25000, 579, 71781400
SelectionSort, 25000, 580, 58799400
SelectionSort, 25000, 581, 61328900
SelectionSort, 25000, 582, 69879200
SelectionSort, 25000, 583, 68837300
SelectionSort, 25000, 584, 61713400
SelectionSort, 25000, 585, 66467200
SelectionSort, 25000, 586, 73038300
SelectionSort, 25000, 587, 66502800
SelectionSort, 25000, 588, 59837600
SelectionSort, 25000, 589, 68444300
SelectionSort, 25000, 590, 65550000
SelectionSort, 25000, 591, 72744800
SelectionSort, 25000, 592, 65666600
SelectionSort, 25000, 593, 74441800
SelectionSort, 25000, 594, 72241500
SelectionSort, 25000, 595, 74000600
SelectionSort, 25000, 596, 72277400
SelectionSort, 25000, 597, 67883800
SelectionSort, 25000, 598, 68762700
SelectionSort, 25000, 599, 71434700
SelectionSort, 25000, 600, 71451900
SelectionSort, 25000, 601, 71165400
SelectionSort, 25000, 602, 67681500
SelectionSort, 25000, 603, 66311500
SelectionSort, 25000, 604, 72680900
SelectionSort, 25000, 605, 65328400
SelectionSort, 25000, 606, 67772600
SelectionSort, 25000, 607, 67382300
SelectionSort, 25000, 608, 67832100
SelectionSort, 25000, 609, 66020600
SelectionSort, 25000, 610, 62262500
SelectionSort, 25000, 611, 72961100
SelectionSort, 25000, 612, 68071700
SelectionSort, 25000, 613, 62377600
SelectionSort, 25000, 614, 72986400
SelectionSort, 25000, 615, 64926600
SelectionSort, 25000, 616, 68957900
SelectionSort, 25000, 617, 61311700
SelectionSort, 25000, 618, 65945500
SelectionSort, 25000, 619, 61091600
SelectionSort, 25000, 620, 67289600
SelectionSort, 25000, 621, 61126900
SelectionSort, 25000, 622, 68525800
SelectionSort, 25000, 623, 61509700
SelectionSort, 25000, 624, 66736500
SelectionSort, 25000, 625, 64482000
SelectionSort, 25000, 626, 52739100
SelectionSort, 25000, 627, 69359700
SelectionSort, 25000, 628, 66874600
SelectionSort, 25000, 629, 64800200
SelectionSort, 25000, 630, 63816100
SelectionSort, 25000, 631, 68084300
SelectionSort, 25000, 632, 71703400
SelectionSort, 25000, 633, 72413000
SelectionSort, 25000, 634, 64348200
SelectionSort, 25000, 635, 69977800
SelectionSort, 25000, 636, 68841200
SelectionSort, 25000, 637, 67391100
SelectionSort, 25000, 638, 75210800
SelectionSort, 25000, 639, 63995900
SelectionSort, 25000, 640, 67594800
SelectionSort, 25000, 641, 68396200
SelectionSort, 25000, 642, 56984300
SelectionSort, 25000, 643, 70767700
SelectionSort, 25000, 644, 66739600
SelectionSort, 25000, 645, 64650300
SelectionSort, 25000, 646, 67603900
SelectionSort, 25000, 647, 68057100
SelectionSort, 25000, 648, 71389500
SelectionSort, 25000, 649, 63126200
SelectionSort, 25000, 650, 65599400
SelectionSort, 25000, 651, 69192900
SelectionSort, 25000, 652, 69740700
SelectionSort, 25000, 653, 70960900
SelectionSort, 25000, 654, 62925300
SelectionSort, 25000, 655, 65651100
SelectionSort, 25000, 656, 66087000
SelectionSort, 25000, 657, 70144500
SelectionSort, 25000, 658, 59260500
SelectionSort, 25000, 659, 67823100
SelectionSort, 25000, 660, 62746900
SelectionSort, 25000, 661, 61842300
SelectionSort, 25000, 662, 68598200
SelectionSort, 25000, 663, 65011800
SelectionSort, 25000, 664, 69761400
SelectionSort, 25000, 665, 57763200
SelectionSort, 25000, 666, 62315700
SelectionSort, 25000, 667, 62022600
SelectionSort, 25000, 668, 74644200
SelectionSort, 25000, 669, 73521800
SelectionSort, 25000, 670, 65975800
SelectionSort, 25000, 671, 66158900
SelectionSort, 25000, 672, 68588100
SelectionSort, 25000, 673, 65532700
SelectionSort, 25000, 674, 67507000
SelectionSort, 25000, 675, 62999500
SelectionSort, 25000, 676, 69466200
SelectionSort, 25000, 677, 66403500
SelectionSort, 25000, 678, 69327700
SelectionSort, 25000, 679, 66210500
SelectionSort, 25000, 680, 66599000
SelectionSort, 25000, 681, 73693000
SelectionSort, 25000, 682, 72986600
SelectionSort, 25000, 683, 70738500
SelectionSort, 25000, 684, 65358500
SelectionSort, 25000, 685, 66634600
SelectionSort, 25000, 686, 65562200
SelectionSort, 25000, 687, 63327200
SelectionSort, 25000, 688, 67314100
SelectionSort, 25000, 689, 70264600
SelectionSort, 25000, 690, 66910700
SelectionSort, 25000, 691, 65513900
SelectionSort, 25000, 692, 64324400
SelectionSort, 25000, 693, 67163800
SelectionSort, 25000, 694, 69890500
SelectionSort, 25000, 695, 83277700
SelectionSort, 25000, 696, 69816000
SelectionSort, 25000, 697, 72641000
SelectionSort, 25000, 698, 71261500
SelectionSort, 25000, 699, 74440500
SelectionSort, 25000, 700, 67600300
SelectionSort, 25000, 701, 70913500
SelectionSort, 25000, 702, 72696300
SelectionSort, 25000, 703, 62872700
SelectionSort, 25000, 704, 78963800
SelectionSort, 25000, 705, 67293900
SelectionSort, 25000, 706, 63993000
SelectionSort, 25000, 707, 70372900
SelectionSort, 25000, 708, 71054200
SelectionSort, 25000, 709, 90922700
SelectionSort, 25000, 710, 69579300
SelectionSort, 25000, 711, 65985000
SelectionSort, 25000, 712, 67520500
SelectionSort, 25000, 713, 65170000
SelectionSort, 25000, 714, 63981900
SelectionSort, 25000, 715, 65796400
SelectionSort, 25000, 716, 70155600
SelectionSort, 25000, 717, 65745800
SelectionSort, 25000, 718, 69073300
SelectionSort, 25000, 719, 66343000
SelectionSort, 25000, 720, 69873000
SelectionSort, 25000, 721, 68589900
SelectionSort, 25000, 722, 69970500
SelectionSort, 25000, 723, 65164200
SelectionSort, 25000, 724, 62811500
SelectionSort, 25000, 725, 67780700
SelectionSort, 25000, 726, 67883800
SelectionSort, 25000, 727, 72098900
SelectionSort, 25000, 728, 74653100
SelectionSort, 25000, 729, 68553700
SelectionSort, 25000, 730, 64108500
SelectionSort, 25000, 731, 64249500
SelectionSort, 25000, 732, 65250000
SelectionSort, 25000, 733, 58475600
SelectionSort, 25000, 734, 70955100
SelectionSort, 25000, 735, 71776200
SelectionSort, 25000, 736, 67495300
SelectionSort, 25000, 737, 67635200
SelectionSort, 25000, 738, 69076000
SelectionSort, 25000, 739, 67103300
SelectionSort, 25000, 740, 72852200
SelectionSort, 25000, 741, 71228400
SelectionSort, 25000, 742, 63245500
SelectionSort, 25000, 743, 63820600
SelectionSort, 25000, 744, 73898300
SelectionSort, 25000, 745, 59229800
SelectionSort, 25000, 746, 63329900
SelectionSort, 25000, 747, 68280200
SelectionSort, 25000, 748, 66869700
SelectionSort, 25000, 749, 64217600
SelectionSort, 25000, 750, 59688700
SelectionSort, 25000, 751, 70886200
SelectionSort, 25000, 752, 70586200
SelectionSort, 25000, 753, 61198800
SelectionSort, 25000, 754, 63752800
SelectionSort, 25000, 755, 66586800
SelectionSort, 25000, 756, 73881600
SelectionSort, 25000, 757, 66934000
SelectionSort, 25000, 758, 65497900
SelectionSort, 25000, 759, 67642000
SelectionSort, 25000, 760, 63350700
SelectionSort, 25000, 761, 67627800
SelectionSort, 25000, 762, 68903100
SelectionSort, 25000, 763, 71586500
SelectionSort, 25000, 764, 56939100
SelectionSort, 25000, 765, 61268100
SelectionSort, 25000, 766, 69368000
SelectionSort, 25000, 767, 71298400
SelectionSort, 25000, 768, 58815000
SelectionSort, 25000, 769, 64127100
SelectionSort, 25000, 770, 63548800
SelectionSort, 25000, 771, 74193500
SelectionSort, 25000, 772, 67595700
SelectionSort, 25000, 773, 60670200
SelectionSort, 25000, 774, 68040400
SelectionSort, 25000, 775, 70188700
SelectionSort, 25000, 776, 62902500
SelectionSort, 25000, 777, 67108500
SelectionSort, 25000, 778, 66732300
SelectionSort, 25000, 779, 66036800
SelectionSort, 25000, 780, 69019100
SelectionSort, 25000, 781, 58307800
SelectionSort, 25000, 782, 70747300
SelectionSort, 25000, 783, 69539900
SelectionSort, 25000, 784, 62191600
SelectionSort, 25000, 785, 64029600
SelectionSort, 25000, 786, 63837400
SelectionSort, 25000, 787, 69318400
SelectionSort, 25000, 788, 69836700
SelectionSort, 25000, 789, 67371600
SelectionSort, 25000, 790, 67826500
SelectionSort, 25000, 791, 67255700
SelectionSort, 25000, 792, 60519300
SelectionSort, 25000, 793, 70255500
SelectionSort, 25000, 794, 66203600
SelectionSort, 25000, 795, 62478000
SelectionSort, 25000, 796, 65226200
SelectionSort, 25000, 797, 64737000
SelectionSort, 25000, 798, 64530500
SelectionSort, 25000, 799, 59603000
SelectionSort, 25000, 800, 71821500
SelectionSort, 25000, 801, 65940400
SelectionSort, 25000, 802, 58303400
SelectionSort, 25000, 803, 60974200
SelectionSort, 25000, 804, 70728100
SelectionSort, 25000, 805, 69678600
SelectionSort, 25000, 806, 69410700
SelectionSort, 25000, 807, 63465500
SelectionSort, 25000, 808, 72489300
SelectionSort, 25000, 809, 67777700
SelectionSort, 25000, 810, 65915900
SelectionSort, 25000, 811, 67376000
SelectionSort, 25000, 812, 69124400
SelectionSort, 25000, 813, 67123700
SelectionSort, 25000, 814, 68650700
SelectionSort, 25000, 815, 68868000
SelectionSort, 25000, 816, 65327000
SelectionSort, 25000, 817, 64202800
SelectionSort, 25000, 818, 66981300
SelectionSort, 25000, 819, 66517700
SelectionSort, 25000, 820, 64085000
SelectionSort, 25000, 821, 71797400
SelectionSort, 25000, 822, 64150300
SelectionSort, 25000, 823, 70216300
SelectionSort, 25000, 824, 63414900
SelectionSort, 25000, 825, 74963200
SelectionSort, 25000, 826, 68722300
SelectionSort, 25000, 827, 66748200
SelectionSort, 25000, 828, 69933800
SelectionSort, 25000, 829, 65360800
SelectionSort, 25000, 830, 68639900
SelectionSort, 25000, 831, 67005300
SelectionSort, 25000, 832, 69558800
SelectionSort, 25000, 833, 60525100
SelectionSort, 25000, 834, 61302900
SelectionSort, 25000, 835, 70138300
SelectionSort, 25000, 836, 69973500
SelectionSort, 25000, 837, 70194600
SelectionSort, 25000, 838, 67759500
SelectionSort, 25000, 839, 68147000
SelectionSort, 25000, 840, 64874200
SelectionSort, 25000, 841, 69614900
SelectionSort, 25000, 842, 70521400
SelectionSort, 25000, 843, 64243300
SelectionSort, 25000, 844, 65049700
SelectionSort, 25000, 845, 62417200
SelectionSort, 25000, 846, 69971900
SelectionSort, 25000, 847, 60520700
SelectionSort, 25000, 848, 59613800
SelectionSort, 25000, 849, 65124700
SelectionSort, 25000, 850, 67872100
SelectionSort, 25000, 851, 62349400
SelectionSort, 25000, 852, 72662300
SelectionSort, 25000, 853, 65686100
SelectionSort, 25000, 854, 62176200
SelectionSort, 25000, 855, 65940700
SelectionSort, 25000, 856, 67527700
SelectionSort, 25000, 857, 66287000
SelectionSort, 25000, 858, 66766400
SelectionSort, 25000, 859, 65455000
SelectionSort, 25000, 860, 72280600
SelectionSort, 25000, 861, 56428200
SelectionSort, 25000, 862, 65357000
SelectionSort, 25000, 863, 67228200
SelectionSort, 25000, 864, 60751000
SelectionSort, 25000, 865, 65448400
SelectionSort, 25000, 866, 57100900
SelectionSort, 25000, 867, 69870000
SelectionSort, 25000, 868, 66896400
SelectionSort, 25000, 869, 74304300
SelectionSort, 25000, 870, 70955700
SelectionSort, 25000, 871, 70912000
SelectionSort, 25000, 872, 73665300
SelectionSort, 25000, 873, 68769100
SelectionSort, 25000, 874, 64121800
SelectionSort, 25000, 875, 67219200
SelectionSort, 25000, 876, 67574600
SelectionSort, 25000, 877, 64532100
SelectionSort, 25000, 878, 56656700
SelectionSort, 25000, 879, 67000800
SelectionSort, 25000, 880, 66157400
SelectionSort, 25000, 881, 65125400
SelectionSort, 25000, 882, 70088600
SelectionSort, 25000, 883, 60527300
SelectionSort, 25000, 884, 61292100
SelectionSort, 25000, 885, 64369800
SelectionSort, 25000, 886, 60351100
SelectionSort, 25000, 887, 70197100
SelectionSort, 25000, 888, 63324300
SelectionSort, 25000, 889, 58268000
SelectionSort, 25000, 890, 66153700
SelectionSort, 25000, 891, 68891000
SelectionSort, 25000, 892, 71124400
SelectionSort, 25000, 893, 63789000
SelectionSort, 25000, 894, 64594300
SelectionSort, 25000, 895, 64012600
SelectionSort, 25000, 896, 69562400
SelectionSort, 25000, 897, 66431200
SelectionSort, 25000, 898, 63701000
SelectionSort, 25000, 899, 66029900
SelectionSort, 25000, 900, 64998700
SelectionSort, 25000, 901, 69582600
SelectionSort, 25000, 902, 64470000
SelectionSort, 25000, 903, 65056400
SelectionSort, 25000, 904, 63430800
SelectionSort, 25000, 905, 70434300
SelectionSort, 25000, 906, 61102600
SelectionSort, 25000, 907, 71208800
SelectionSort, 25000, 908, 68238200
SelectionSort, 25000, 909, 74405800
SelectionSort, 25000, 910, 66261000
SelectionSort, 25000, 911, 69779800
SelectionSort, 25000, 912, 64525400
SelectionSort, 25000, 913, 71797100
SelectionSort, 25000, 914, 78080200
SelectionSort, 25000, 915, 72879100
SelectionSort, 25000, 916, 67078100
SelectionSort, 25000, 917, 64011800
SelectionSort, 25000, 918, 63437600
SelectionSort, 25000, 919, 69752100
SelectionSort, 25000, 920, 73605700
SelectionSort, 25000, 921, 67411600
SelectionSort, 25000, 922, 68485800
SelectionSort, 25000, 923, 71260800
SelectionSort, 25000, 924, 72283700
SelectionSort, 25000, 925, 69461800
SelectionSort, 25000, 926, 63299000
SelectionSort, 25000, 927, 71694500
SelectionSort, 25000, 928, 72883800
SelectionSort, 25000, 929, 68456900
SelectionSort, 25000, 930, 62568400
SelectionSort, 25000, 931, 67899100
SelectionSort, 25000, 932, 72133700
SelectionSort, 25000, 933, 68845900
SelectionSort, 25000, 934, 70822500
SelectionSort, 25000, 935, 69408600
SelectionSort, 25000, 936, 74355700
SelectionSort, 25000, 937, 74672400
SelectionSort, 25000, 938, 70129200
SelectionSort, 25000, 939, 67396000
SelectionSort, 25000, 940, 55990200
SelectionSort, 25000, 941, 67604200
SelectionSort, 25000, 942, 66519100
SelectionSort, 25000, 943, 67686900
SelectionSort, 25000, 944, 61717300
SelectionSort, 25000, 945, 69065400
SelectionSort, 25000, 946, 63837500
SelectionSort, 25000, 947, 65866500
SelectionSort, 25000, 948, 67925600
SelectionSort, 25000, 949, 67172500
SelectionSort, 25000, 950, 60877400
SelectionSort, 25000, 951, 63955800
SelectionSort, 25000, 952, 63438800
SelectionSort, 25000, 953, 63894100
SelectionSort, 25000, 954, 65682100
SelectionSort, 25000, 955, 65794000
SelectionSort, 25000, 956, 65056200
SelectionSort, 25000, 957, 69896700
SelectionSort, 25000, 958, 66465700
SelectionSort, 25000, 959, 61102600
SelectionSort, 25000, 960, 66671000
SelectionSort, 25000, 961, 62978000
SelectionSort, 25000, 962, 66887000
SelectionSort, 25000, 963, 59344600
SelectionSort, 25000, 964, 62615200
SelectionSort, 25000, 965, 59631800
SelectionSort, 25000, 966, 64569900
SelectionSort, 25000, 967, 71294900
SelectionSort, 25000, 968, 55307800
SelectionSort, 25000, 969, 61365600
SelectionSort, 25000, 970, 68393900
SelectionSort, 25000, 971, 62322700
SelectionSort, 25000, 972, 69733700
SelectionSort, 25000, 973, 63698500
SelectionSort, 25000, 974, 69194500
SelectionSort, 25000, 975, 65279800
SelectionSort, 25000, 976, 69799400
SelectionSort, 25000, 977, 63720300
SelectionSort, 25000, 978, 67163600
SelectionSort, 25000, 979, 70305800
SelectionSort, 25000, 980, 68138800
SelectionSort, 25000, 981, 70521000
SelectionSort, 25000, 982, 81343100
SelectionSort, 25000, 983, 62593900
SelectionSort, 25000, 984, 63806200
SelectionSort, 25000, 985, 65555000
SelectionSort, 25000, 986, 67338400
SelectionSort, 25000, 987, 60902200
SelectionSort, 25000, 988, 69728300
SelectionSort, 25000, 989, 63043800
SelectionSort, 25000, 990, 66466400
SelectionSort, 25000, 991, 62262500
SelectionSort, 25000, 992, 68838100
SelectionSort, 25000, 993, 67065900
SelectionSort, 25000, 994, 66003400
SelectionSort, 25000, 995, 69076000
SelectionSort, 25000, 996, 67345800
SelectionSort, 25000, 997, 67382700
SelectionSort, 25000, 998, 64523100
SelectionSort, 25000, 999, 64412100
SelectionSort, 25000, 1000, 70150200
